id,dataset,true_label,pred_label,prob_sarcastic
1,tweets,0,0,0.0015189419500529766
2,tweets,1,1,0.6631026268005371
3,tweets,0,1,0.6631317734718323
4,tweets,0,1,0.6630982756614685
5,tweets,0,1,0.6631350517272949
6,tweets,0,0,0.0015190598787739873
7,tweets,0,0,0.0015188950346782804
8,tweets,0,0,0.00151921680662781
9,tweets,0,0,0.0015189644182100892
10,tweets,0,0,0.001519054058007896
11,tweets,0,0,0.001518939039669931
12,tweets,1,1,0.6631220579147339
13,tweets,0,0,0.0015190280973911285
14,tweets,1,1,0.6631243228912354
15,tweets,1,1,0.6631224155426025
16,tweets,1,1,0.6631373763084412
17,tweets,0,0,0.0015189897967502475
18,tweets,1,1,0.6631373763084412
19,tweets,1,1,0.6631133556365967
20,tweets,0,0,0.001518851495347917
21,tweets,0,1,0.6631074547767639
22,tweets,0,0,0.0015192023711279035
23,tweets,0,0,0.0015188493998721242
24,tweets,0,0,0.0015189116820693016
25,tweets,0,0,0.0015190367121249437
26,tweets,1,1,0.663117527961731
27,tweets,0,0,0.0015190988779067993
28,tweets,1,1,0.6631237864494324
29,tweets,0,0,0.001519158249720931
30,tweets,0,0,0.0015189651167020202
31,tweets,0,0,0.0015191538259387016
32,tweets,0,0,0.0015190339181572199
33,tweets,0,0,0.001519100391305983
34,tweets,0,0,0.0015189911937341094
35,tweets,1,1,0.6631379723548889
36,tweets,0,1,0.6631165146827698
37,tweets,1,1,0.6631438732147217
38,tweets,1,1,0.6631266474723816
39,tweets,0,0,0.0015188768738880754
40,tweets,0,1,0.6631247997283936
41,tweets,0,0,0.0015190085396170616
42,tweets,0,1,0.6631386280059814
43,tweets,0,0,0.001518831355497241
44,tweets,0,0,0.0015190952690318227
45,tweets,0,0,0.0015190258855000138
46,tweets,0,0,0.0015190468402579427
47,tweets,1,1,0.6631213426589966
48,tweets,0,1,0.6631292104721069
49,tweets,0,0,0.0015189469559118152
50,tweets,0,0,0.0015189144760370255
51,tweets,0,0,0.0015191799029707909
52,tweets,0,0,0.0015189651167020202
53,tweets,0,0,0.0015189340338110924
54,tweets,0,1,0.6631188988685608
55,tweets,0,0,0.0015189211117103696
56,tweets,0,0,0.0015189875848591328
57,tweets,0,0,0.001518938341178
58,tweets,0,0,0.0015194215811789036
59,tweets,0,0,0.0015191552229225636
60,tweets,0,0,0.0015189065597951412
61,tweets,0,0,0.001519014942459762
62,tweets,0,0,0.0015189253026619554
63,tweets,0,1,0.6631102561950684
64,tweets,0,0,0.0015187762910500169
65,tweets,0,1,0.6631039381027222
66,tweets,0,0,0.0015190677950158715
67,tweets,1,1,0.6631554961204529
68,tweets,0,0,0.0015189788537099957
69,tweets,0,0,0.0015189644182100892
70,tweets,0,1,0.6631085276603699
71,tweets,0,1,0.6631191968917847
72,tweets,0,1,0.6631426811218262
73,tweets,0,0,0.00151898676995188
74,tweets,0,0,0.0015190872363746166
75,tweets,1,1,0.6631233096122742
76,tweets,0,0,0.0015188761753961444
77,tweets,0,0,0.0015190142439678311
78,tweets,0,0,0.0015189211117103696
79,tweets,1,1,0.6631163954734802
80,tweets,0,0,0.0015189882833510637
81,tweets,0,1,0.6631194353103638
82,tweets,1,1,0.6631146669387817
83,tweets,0,0,0.0015190034173429012
84,tweets,0,0,0.0015188927063718438
85,tweets,0,0,0.0015189636033028364
86,tweets,0,0,0.0015189499827101827
87,tweets,0,0,0.0015189368277788162
88,tweets,0,0,0.0015188544057309628
89,tweets,0,0,0.001518851495347917
90,tweets,0,0,0.0015189946861937642
91,tweets,1,1,0.6631384491920471
92,tweets,0,1,0.6631235480308533
93,tweets,0,0,0.0015190229751169682
94,tweets,0,0,0.0015189709374681115
95,tweets,0,0,0.0015193476574495435
96,tweets,1,1,0.6631233096122742
97,tweets,0,0,0.0015191350830718875
98,tweets,0,0,0.0015189796686172485
99,tweets,0,0,0.001518948469310999
100,tweets,0,0,0.001518881181254983
101,tweets,0,0,0.0015190604608505964
102,tweets,0,0,0.001519150915555656
103,tweets,1,1,0.6631135940551758
104,tweets,0,1,0.6631396412849426
105,tweets,0,0,0.001518986071459949
106,tweets,0,0,0.0015190705889835954
107,tweets,0,0,0.0015189448604360223
108,tweets,1,1,0.6631372570991516
109,tweets,0,0,0.001518918084912002
110,tweets,0,0,0.0015190461417660117
111,tweets,0,1,0.6631287932395935
112,tweets,0,0,0.0015196732711046934
113,tweets,0,0,0.001519006909802556
114,tweets,1,1,0.6631088256835938
115,tweets,0,0,0.0015188782708719373
116,tweets,1,1,0.6631296873092651
117,tweets,0,1,0.6631489992141724
118,tweets,0,0,0.001518958481028676
119,tweets,0,0,0.0015194026054814458
120,tweets,0,1,0.663120687007904
121,tweets,1,1,0.6631121039390564
122,tweets,1,1,0.6631442904472351
123,tweets,0,0,0.001518968609161675
124,tweets,0,0,0.001519370125606656
125,tweets,0,0,0.001518919481895864
126,tweets,0,0,0.0015188775723800063
127,tweets,0,0,0.0015189615078270435
128,tweets,0,0,0.0015189354307949543
129,tweets,0,0,0.0015188544057309628
130,tweets,1,1,0.6631113290786743
131,tweets,0,0,0.0015190135454759002
132,tweets,0,0,0.0015190750127658248
133,tweets,0,0,0.0015189513796940446
134,tweets,0,0,0.0015190214617177844
135,tweets,0,1,0.663104772567749
136,tweets,0,1,0.6631213426589966
137,tweets,0,0,0.0015189601108431816
138,tweets,0,0,0.001518938341178
139,tweets,0,0,0.0015189116820693016
140,tweets,0,0,0.0015189151745289564
141,tweets,0,0,0.0015190339181572199
142,tweets,0,0,0.0015190214617177844
143,tweets,0,0,0.0015188530087471008
144,tweets,1,1,0.6631308794021606
145,tweets,0,0,0.0015196965541690588
146,tweets,1,1,0.6631278991699219
147,tweets,0,1,0.6631145477294922
148,tweets,0,0,0.0015190339181572199
149,tweets,1,1,0.6631428003311157
150,tweets,1,1,0.6631262302398682
151,tweets,0,0,0.0015190027188509703
152,tweets,0,0,0.0015189542900770903
153,tweets,0,0,0.0015190120320767164
154,tweets,1,1,0.6630897521972656
155,tweets,0,0,0.001518861623480916
156,tweets,1,1,0.6631249189376831
157,tweets,0,0,0.0015190447447821498
158,tweets,0,1,0.6631008982658386
159,tweets,0,1,0.6631332635879517
160,tweets,0,0,0.0015189116820693016
161,tweets,1,1,0.663118839263916
162,tweets,0,0,0.0015188646502792835
163,tweets,1,1,0.6631211638450623
164,tweets,0,0,0.0015190085396170616
165,tweets,0,1,0.6631311774253845
166,tweets,0,0,0.001518938341178
167,tweets,0,0,0.0015190590638667345
168,tweets,0,0,0.0015188140096142888
169,tweets,1,1,0.6631155014038086
170,tweets,0,0,0.001519015640951693
171,tweets,0,0,0.0015189601108431816
172,tweets,0,1,0.6631341576576233
173,tweets,1,1,0.6631407737731934
174,tweets,0,0,0.0015189506812021136
175,tweets,0,1,0.6631513833999634
176,tweets,0,0,0.00151922763325274
177,tweets,1,1,0.6631598472595215
178,tweets,0,1,0.6631309390068054
179,tweets,0,1,0.6631503105163574
180,tweets,1,1,0.6631274819374084
181,tweets,1,1,0.6631584763526917
182,tweets,0,0,0.0015190959675237536
183,tweets,1,1,0.663141667842865
184,tweets,1,1,0.6631321310997009
185,tweets,0,0,0.0015188832767307758
186,tweets,1,1,0.663127601146698
187,tweets,0,0,0.0015191654674708843
188,tweets,0,0,0.001518947770819068
189,tweets,0,1,0.6631236672401428
190,tweets,0,0,0.001519063487648964
191,tweets,0,0,0.001518920180387795
192,tweets,0,0,0.001518881879746914
193,tweets,1,1,0.6631124019622803
194,tweets,0,0,0.0015189050463959575
195,tweets,0,1,0.6631248593330383
196,tweets,0,0,0.0015189601108431816
197,tweets,0,0,0.001518928911536932
198,tweets,1,1,0.6630980372428894
199,tweets,0,0,0.0015188045799732208
200,tweets,0,0,0.0015189065597951412
201,tweets,0,0,0.001518958481028676
202,tweets,0,0,0.0015190800186246634
203,tweets,0,0,0.0015188964316621423
204,tweets,1,1,0.6631076335906982
205,tweets,1,1,0.6631412506103516
206,tweets,0,0,0.001518890610896051
207,tweets,0,1,0.663130521774292
208,tweets,0,0,0.0015189788537099957
209,tweets,0,0,0.0015189644182100892
210,tweets,0,0,0.0015190786216408014
211,tweets,0,0,0.0015189225086942315
212,tweets,0,0,0.001518880482763052
213,tweets,0,0,0.0015189911937341094
214,tweets,1,1,0.663135290145874
215,tweets,1,1,0.6631301641464233
216,tweets,0,0,0.0015189232071861625
217,tweets,0,1,0.6631193161010742
218,tweets,1,1,0.6631300449371338
219,tweets,0,0,0.0015190339181572199
220,tweets,0,1,0.6631705164909363
221,tweets,0,0,0.0015189970145002007
222,tweets,1,1,0.6631134748458862
223,tweets,0,0,0.0015188537072390318
224,tweets,0,0,0.0015189716359600425
225,tweets,0,1,0.6631342172622681
226,tweets,0,0,0.0015190684935078025
227,tweets,0,0,0.001518939738161862
228,tweets,0,0,0.0015189702389761806
229,tweets,1,1,0.6631121039390564
230,tweets,0,0,0.001518977340310812
231,tweets,1,1,0.6631444096565247
232,tweets,1,1,0.6631526947021484
233,tweets,1,1,0.6631019711494446
234,tweets,1,1,0.6631074547767639
235,tweets,0,0,0.0015190120320767164
236,tweets,0,0,0.0015188646502792835
237,tweets,0,0,0.001519090961664915
238,tweets,1,1,0.663121223449707
239,tweets,0,0,0.0015189419500529766
240,tweets,0,0,0.001518880482763052
241,tweets,0,0,0.0015196169260889292
242,tweets,1,1,0.6631214022636414
243,tweets,1,1,0.6631448268890381
244,tweets,0,0,0.0015188073739409447
245,tweets,0,0,0.0015188574325293303
246,tweets,1,1,0.6631303429603577
247,tweets,1,1,0.6631126999855042
248,tweets,0,1,0.663113534450531
249,tweets,0,0,0.0015189549885690212
250,tweets,0,1,0.6631331443786621
251,tweets,0,0,0.0015189412515610456
252,tweets,0,0,0.0015188863035291433
253,tweets,0,0,0.001519102486781776
254,tweets,0,1,0.6631306409835815
255,tweets,0,0,0.0015189911937341094
256,tweets,0,0,0.0015189253026619554
257,tweets,1,1,0.6631178855895996
258,tweets,0,0,0.0015194389270618558
259,tweets,0,1,0.6631321907043457
260,tweets,0,0,0.0015190938720479608
261,tweets,0,0,0.0015190497506409883
262,tweets,1,1,0.6631027460098267
263,tweets,0,1,0.6631181836128235
264,tweets,0,1,0.6631469130516052
265,tweets,0,0,0.0015189159894362092
266,tweets,1,1,0.6631414890289307
267,tweets,0,0,0.0015188646502792835
268,tweets,1,1,0.6631465554237366
269,tweets,0,0,0.0015189239056780934
270,tweets,0,0,0.0015189448604360223
271,tweets,0,0,0.0015195169253274798
272,tweets,1,1,0.6631104946136475
273,tweets,0,0,0.001518860226497054
274,tweets,1,1,0.6631278991699219
275,tweets,0,0,0.0015190099366009235
276,tweets,0,0,0.001518928213045001
277,tweets,0,0,0.0015189340338110924
278,tweets,0,1,0.6631432175636292
279,tweets,1,1,0.6631000638008118
280,tweets,0,0,0.0015188066754490137
281,tweets,1,1,0.6631280183792114
282,tweets,0,0,0.0015188920078799129
283,tweets,0,0,0.0015190497506409883
284,tweets,0,0,0.0015190193662419915
285,tweets,1,1,0.6631430983543396
286,tweets,0,0,0.0015188747784122825
287,tweets,0,0,0.0015189173864200711
288,tweets,0,0,0.0015189225086942315
289,tweets,1,1,0.6631203293800354
290,tweets,0,0,0.0015188747784122825
291,tweets,0,1,0.6631221771240234
292,tweets,0,1,0.6631156206130981
293,tweets,1,1,0.6631475687026978
294,tweets,0,1,0.6631311774253845
295,tweets,1,1,0.6631213426589966
296,tweets,0,0,0.0015191162237897515
297,tweets,0,0,0.0015190779231488705
298,tweets,1,1,0.6631220579147339
299,tweets,0,0,0.0015190518461167812
300,tweets,0,0,0.0015190367121249437
301,tweets,0,0,0.001519072917290032
302,tweets,0,1,0.6631535291671753
303,tweets,1,1,0.6631335616111755
304,tweets,0,0,0.0015189629048109055
305,tweets,0,0,0.0015188646502792835
306,tweets,0,0,0.0015190055128186941
307,tweets,0,0,0.0015189151745289564
308,tweets,0,1,0.663145124912262
309,tweets,0,0,0.0015190280973911285
310,tweets,0,0,0.0015189629048109055
311,tweets,0,0,0.001518948469310999
312,tweets,1,1,0.6631431579589844
313,tweets,1,1,0.6631227731704712
314,tweets,0,1,0.6631094813346863
315,tweets,0,0,0.0015190120320767164
316,tweets,1,1,0.6631529927253723
317,tweets,0,1,0.6631173491477966
318,tweets,0,0,0.0015188964316621423
319,tweets,1,1,0.6631498336791992
320,tweets,0,0,0.0015190973645076156
321,tweets,0,0,0.0015198600012809038
322,tweets,1,1,0.6631165146827698
323,tweets,0,0,0.0015189239056780934
324,tweets,0,0,0.0015193484723567963
325,tweets,0,0,0.001518977340310812
326,tweets,1,1,0.6631299257278442
327,tweets,0,0,0.0015189788537099957
328,tweets,0,0,0.0015189651167020202
329,tweets,0,1,0.6631404757499695
330,tweets,0,0,0.0015188581310212612
331,tweets,0,0,0.0015188849065452814
332,tweets,0,0,0.0015189528930932283
333,tweets,0,0,0.0015189266996458173
334,tweets,1,1,0.6631154417991638
335,tweets,0,0,0.0015188675606623292
336,tweets,0,1,0.6631497144699097
337,tweets,0,0,0.0015191443962976336
338,tweets,0,0,0.001519014942459762
339,tweets,0,0,0.001519033103249967
340,tweets,0,0,0.0015190569683909416
341,tweets,0,0,0.0015188631368800998
342,tweets,1,1,0.6630995273590088
343,tweets,0,1,0.6631084680557251
344,tweets,0,0,0.001518928213045001
345,tweets,0,0,0.0015189875848591328
346,tweets,0,0,0.0015191552229225636
347,tweets,0,1,0.6631609201431274
348,tweets,1,1,0.6631523370742798
349,tweets,1,1,0.6630814671516418
350,tweets,0,0,0.001518966513685882
351,tweets,0,1,0.6631273627281189
352,tweets,0,0,0.001518967212177813
353,tweets,1,1,0.6631225943565369
354,tweets,1,1,0.6631011962890625
355,tweets,1,1,0.6631027460098267
356,tweets,1,1,0.663134753704071
357,tweets,0,0,0.001518977340310812
358,tweets,0,0,0.0015192211139947176
359,tweets,0,1,0.663143515586853
360,tweets,0,0,0.0015190229751169682
361,tweets,0,0,0.001518976641818881
362,tweets,0,1,0.6631127595901489
363,tweets,0,1,0.6631321907043457
364,tweets,0,0,0.0015189412515610456
365,tweets,1,1,0.6631253957748413
366,tweets,0,1,0.6631184816360474
367,tweets,0,1,0.6631178855895996
368,tweets,1,1,0.6631385684013367
369,tweets,0,0,0.0015188473043963313
370,tweets,0,0,0.0015190388076007366
371,tweets,1,1,0.6631094813346863
372,tweets,1,1,0.6631155610084534
373,tweets,0,0,0.0015190569683909416
374,tweets,0,0,0.0015188428806141019
375,tweets,1,1,0.6631245613098145
376,tweets,1,1,0.6631327271461487
377,tweets,1,1,0.6631154417991638
378,tweets,0,0,0.0015192494029179215
379,tweets,0,0,0.0015188870020210743
380,tweets,0,0,0.0015190583653748035
381,tweets,0,1,0.6630987524986267
382,tweets,0,0,0.0015189108671620488
383,tweets,0,0,0.0015188500983640552
384,tweets,0,0,0.0015191328711807728
385,tweets,0,0,0.0015189542900770903
386,tweets,1,1,0.6631202101707458
387,tweets,0,0,0.0015188530087471008
388,tweets,1,1,0.6631273031234741
389,tweets,0,1,0.663116991519928
390,tweets,0,0,0.001518947770819068
391,tweets,1,1,0.6631190180778503
392,tweets,0,0,0.0015190548729151487
393,tweets,0,1,0.6631444692611694
394,tweets,1,1,0.6631179451942444
395,tweets,0,0,0.0015190858393907547
396,tweets,0,0,0.0015189354307949543
397,tweets,1,1,0.6631330251693726
398,tweets,0,0,0.0015189513796940446
399,tweets,0,0,0.0015188378747552633
400,tweets,0,0,0.0015189716359600425
401,tweets,0,1,0.6631383299827576
402,tweets,1,1,0.6631329655647278
403,tweets,0,0,0.0015191033016890287
404,tweets,0,0,0.0015189716359600425
405,tweets,1,1,0.6631414294242859
406,tweets,0,1,0.663155734539032
407,tweets,1,1,0.6631163954734802
408,tweets,0,0,0.0015188863035291433
409,tweets,0,0,0.0015190251870080829
410,tweets,1,1,0.6631266474723816
411,tweets,0,0,0.0015190468402579427
412,tweets,0,0,0.0015190959675237536
413,tweets,0,0,0.001518939738161862
414,tweets,1,1,0.6630991697311401
415,tweets,0,0,0.0015190765261650085
416,tweets,0,0,0.0015190092381089926
417,tweets,0,1,0.6631162166595459
418,tweets,0,0,0.0015188775723800063
419,tweets,0,0,0.001518909353762865
420,tweets,0,0,0.0015189903788268566
421,tweets,0,1,0.6631278395652771
422,tweets,0,0,0.0015191176207736135
423,tweets,1,1,0.6631143093109131
424,tweets,1,1,0.6631230711936951
425,tweets,1,1,0.6631454229354858
426,tweets,0,0,0.001518919481895864
427,tweets,0,0,0.001518919481895864
428,tweets,1,1,0.6630995273590088
429,tweets,1,1,0.6631098389625549
430,tweets,1,1,0.6631479263305664
431,tweets,1,1,0.6631291508674622
432,tweets,0,0,0.0015191190177574754
433,tweets,0,0,0.0015190221602097154
434,tweets,0,0,0.0015190396225079894
435,tweets,0,1,0.6631545424461365
436,tweets,0,0,0.001518977340310812
437,tweets,0,0,0.0015190511476248503
438,tweets,0,0,0.001519100391305983
439,tweets,0,1,0.6631457209587097
440,tweets,0,0,0.0015190251870080829
441,tweets,0,0,0.0015189953846856952
442,tweets,1,1,0.663105309009552
443,tweets,0,0,0.0015189570840448141
444,tweets,0,0,0.0015189939877018332
445,tweets,0,0,0.0015191559214144945
446,tweets,1,1,0.6631280183792114
447,tweets,1,1,0.6631069779396057
448,tweets,1,1,0.6631171107292175
449,tweets,0,0,0.0015193962026387453
450,tweets,0,0,0.001519100391305983
451,tweets,0,0,0.001518939738161862
452,tweets,0,0,0.0015189556870609522
453,tweets,0,0,0.0015189615078270435
454,tweets,0,0,0.0015190482372418046
455,tweets,0,0,0.0015190438134595752
456,tweets,0,0,0.001519225537776947
457,tweets,0,0,0.001518840785138309
458,tweets,1,1,0.6631243824958801
459,tweets,0,0,0.0015188588295131922
460,tweets,1,1,0.6631227135658264
461,tweets,0,0,0.0015189144760370255
462,tweets,0,0,0.0015189636033028364
463,tweets,0,0,0.0015189166879281402
464,tweets,1,1,0.663140594959259
465,tweets,0,0,0.00151883065700531
466,tweets,0,0,0.0015189354307949543
467,tweets,0,1,0.6631234288215637
468,tweets,1,1,0.6631185412406921
469,tweets,1,1,0.6631295084953308
470,tweets,0,0,0.0015187951503321528
471,tweets,0,0,0.0015189629048109055
472,tweets,1,1,0.6631043553352356
473,tweets,1,1,0.6631321310997009
474,tweets,0,0,0.0015189594123512506
475,tweets,0,0,0.0015190844424068928
476,tweets,0,0,0.0015191169222816825
477,tweets,0,0,0.001518822624348104
478,tweets,0,0,0.0015191545244306326
479,tweets,0,0,0.0015190872363746166
480,tweets,0,1,0.6631253957748413
481,tweets,0,1,0.6631527543067932
482,tweets,1,1,0.6631292700767517
483,tweets,0,0,0.0015188197139650583
484,tweets,0,0,0.0015190367121249437
485,tweets,1,1,0.6631202697753906
486,tweets,0,0,0.001518909353762865
487,tweets,1,1,0.6631218194961548
488,tweets,1,1,0.6631375551223755
489,tweets,0,0,0.001518824021331966
490,tweets,1,1,0.6631219983100891
491,tweets,0,1,0.6631278395652771
492,tweets,0,0,0.0015190315898507833
493,tweets,1,1,0.6631180644035339
494,tweets,0,0,0.001518986071459949
495,tweets,1,1,0.6631163358688354
496,tweets,0,0,0.0015188284451141953
497,tweets,0,0,0.001518860226497054
498,tweets,0,0,0.0015190959675237536
499,tweets,0,1,0.6631353497505188
500,tweets,1,1,0.6631289720535278
501,tweets,1,1,0.6631234288215637
502,tweets,0,0,0.0015189239056780934
503,tweets,1,1,0.6631103754043579
504,tweets,0,1,0.6631582975387573
505,tweets,0,1,0.6631104350090027
506,tweets,1,1,0.6631413698196411
507,tweets,0,1,0.6631230711936951
508,tweets,0,0,0.0015190353151410818
509,tweets,0,0,0.0015189570840448141
510,tweets,0,0,0.0015188870020210743
511,tweets,0,0,0.0015189441619440913
512,tweets,1,1,0.6631054282188416
513,tweets,0,0,0.0015189594123512506
514,tweets,0,1,0.663128137588501
515,tweets,0,0,0.0015188392717391253
516,tweets,0,1,0.6631161570549011
517,tweets,1,1,0.6631102561950684
518,tweets,1,1,0.6630980372428894
519,tweets,0,0,0.0015189939877018332
520,tweets,0,0,0.001519130077213049
521,tweets,1,1,0.6631259322166443
522,tweets,1,1,0.6631298661231995
523,tweets,0,0,0.0015188566176220775
524,tweets,0,0,0.0015189036494120955
525,tweets,0,0,0.0015193860745057464
526,tweets,0,0,0.0015190165722742677
527,tweets,0,0,0.0015189802506938577
528,tweets,0,0,0.0015190670965239406
529,tweets,0,1,0.6631473302841187
530,tweets,0,1,0.6631219387054443
531,tweets,1,1,0.6630823016166687
532,tweets,1,1,0.663151204586029
533,tweets,0,0,0.0015190901467576623
534,tweets,0,0,0.0015189266996458173
535,tweets,1,1,0.6631462574005127
536,tweets,0,0,0.0015189534751698375
537,tweets,0,0,0.0015190165722742677
538,tweets,1,1,0.6631096601486206
539,tweets,0,0,0.0015192623250186443
540,tweets,0,0,0.0015190757112577558
541,tweets,0,0,0.0015190757112577558
542,tweets,0,0,0.0015189412515610456
543,tweets,0,0,0.0015189050463959575
544,tweets,0,0,0.0015189050463959575
545,tweets,0,0,0.001518890610896051
546,tweets,0,0,0.001518899924121797
547,tweets,0,1,0.6631188988685608
548,tweets,0,0,0.0015191654674708843
549,tweets,0,1,0.6631031036376953
550,tweets,0,0,0.0015190475387498736
551,tweets,1,1,0.6631280779838562
552,tweets,1,1,0.6631279587745667
553,tweets,0,0,0.0015189218102023005
554,tweets,0,0,0.001518948469310999
555,tweets,1,1,0.6631441712379456
556,tweets,0,0,0.0015189368277788162
557,tweets,0,0,0.0015191467246040702
558,tweets,0,0,0.0015188849065452814
559,tweets,0,0,0.0015190382255241275
560,tweets,1,1,0.6631602048873901
561,tweets,1,1,0.6631283164024353
562,tweets,0,0,0.0015188675606623292
563,tweets,0,0,0.0015189534751698375
564,tweets,0,0,0.001519100391305983
565,tweets,0,0,0.001518958481028676
566,tweets,0,0,0.001518881879746914
567,tweets,0,0,0.0015190525446087122
568,tweets,1,1,0.6631497144699097
569,tweets,0,0,0.0015190135454759002
570,tweets,1,1,0.6631251573562622
571,tweets,0,0,0.0015190221602097154
572,tweets,1,1,0.6631148457527161
573,tweets,0,0,0.0015189817640930414
574,tweets,1,1,0.6631078720092773
575,tweets,1,1,0.6631574630737305
576,tweets,0,1,0.6631186008453369
577,tweets,0,1,0.6631186008453369
578,tweets,0,1,0.6630763411521912
579,tweets,0,0,0.0015189108671620488
580,tweets,0,1,0.6631194353103638
581,tweets,1,1,0.6631488800048828
582,tweets,0,1,0.663135290145874
583,tweets,0,0,0.0015189695404842496
584,tweets,0,0,0.0015189469559118152
585,tweets,1,1,0.6631408929824829
586,tweets,1,1,0.6631394624710083
587,tweets,0,0,0.0015189918922260404
588,tweets,1,1,0.6631308197975159
589,tweets,0,0,0.0015188920078799129
590,tweets,0,0,0.0015188934048637748
591,tweets,0,0,0.001518977340310812
592,tweets,1,1,0.663129448890686
593,tweets,1,1,0.6631300449371338
594,tweets,0,1,0.6631398797035217
595,tweets,0,0,0.0015193050494417548
596,tweets,0,1,0.6631395816802979
597,tweets,0,0,0.0015189556870609522
598,tweets,0,1,0.6631285548210144
599,tweets,0,0,0.0015188675606623292
600,tweets,1,1,0.6631287336349487
601,tweets,1,1,0.6631641983985901
602,tweets,0,1,0.663127064704895
603,tweets,0,0,0.0015189347323030233
604,tweets,0,1,0.6631172299385071
605,tweets,0,1,0.6631209254264832
606,tweets,0,0,0.0015188493998721242
607,tweets,0,0,0.001518831355497241
608,tweets,1,1,0.6631295084953308
609,tweets,1,1,0.663140594959259
610,tweets,0,0,0.0015189730329439044
611,tweets,0,0,0.0015189491678029299
612,tweets,0,0,0.001518939738161862
613,tweets,0,0,0.0015189644182100892
614,tweets,0,0,0.0015189036494120955
615,tweets,0,0,0.0015189658151939511
616,tweets,1,1,0.6631034016609192
617,tweets,1,1,0.6631452441215515
618,tweets,1,1,0.6631314158439636
619,tweets,0,0,0.001518939738161862
620,tweets,1,1,0.663117527961731
621,tweets,0,0,0.0015189745463430882
622,tweets,0,0,0.0015189239056780934
623,tweets,0,0,0.0015190135454759002
624,tweets,0,0,0.001518967910669744
625,tweets,1,1,0.6631426215171814
626,tweets,1,1,0.6631226539611816
627,tweets,0,1,0.6631147861480713
628,tweets,0,0,0.0015208227559924126
629,tweets,0,1,0.663147509098053
630,tweets,1,1,0.6630879640579224
631,tweets,0,0,0.001519054058007896
632,tweets,0,0,0.0015188978286460042
633,tweets,0,0,0.0015190229751169682
634,tweets,0,0,0.0015188442775979638
635,tweets,1,1,0.6631221771240234
636,tweets,1,1,0.6631441712379456
637,tweets,1,1,0.6631174683570862
638,tweets,0,0,0.001518870354630053
639,tweets,0,1,0.6630975604057312
640,tweets,0,0,0.0015190165722742677
641,tweets,1,1,0.6631503701210022
642,tweets,0,0,0.001519014942459762
643,tweets,0,0,0.0015189615078270435
644,tweets,0,0,0.0015188782708719373
645,tweets,0,0,0.0015190229751169682
646,tweets,0,0,0.0015195343876257539
647,tweets,0,1,0.6631141901016235
648,tweets,0,1,0.6631187796592712
649,tweets,0,0,0.0015189434634521604
650,tweets,0,1,0.6631193161010742
651,tweets,0,0,0.0015190294943749905
652,tweets,0,1,0.6631289720535278
653,tweets,1,1,0.663138210773468
654,tweets,0,0,0.0015190655831247568
655,tweets,0,0,0.0015190772246569395
656,tweets,0,0,0.0015189441619440913
657,tweets,0,0,0.0015188399702310562
658,tweets,0,0,0.001518958481028676
659,tweets,0,0,0.0015190353151410818
660,tweets,0,0,0.0015189007390290499
661,tweets,0,0,0.0015190280973911285
662,tweets,0,0,0.0015188559191301465
663,tweets,0,0,0.0015189723344519734
664,tweets,1,1,0.6631070375442505
665,tweets,0,0,0.0015187814133241773
666,tweets,0,1,0.6631274223327637
667,tweets,0,0,0.001519102486781776
668,tweets,0,1,0.6631243824958801
669,tweets,0,0,0.0015187807148322463
670,tweets,0,0,0.0015190034173429012
671,tweets,1,1,0.6631402969360352
672,tweets,0,0,0.0015189368277788162
673,tweets,1,1,0.6631269454956055
674,tweets,0,0,0.0015189469559118152
675,tweets,1,1,0.6631408333778381
676,tweets,1,1,0.6631008982658386
677,tweets,0,1,0.6631293892860413
678,tweets,1,1,0.6631330847740173
679,tweets,0,1,0.6631165146827698
680,tweets,0,0,0.001518831355497241
681,tweets,1,1,0.6631088852882385
682,tweets,0,0,0.0015189412515610456
683,tweets,1,1,0.6631467342376709
684,tweets,0,0,0.00151907152030617
685,tweets,0,0,0.0015189817640930414
686,tweets,0,0,0.00151902437210083
687,tweets,0,0,0.0015188624383881688
688,tweets,0,0,0.0015188362449407578
689,tweets,0,1,0.663121223449707
690,tweets,0,0,0.0015190120320767164
691,tweets,0,0,0.0015189528930932283
692,tweets,0,0,0.0015190020203590393
693,tweets,0,0,0.0015198801411315799
694,tweets,0,1,0.6631447076797485
695,tweets,0,0,0.001518909353762865
696,tweets,0,0,0.0015188581310212612
697,tweets,1,1,0.6631147265434265
698,tweets,0,0,0.0015189977129921317
699,tweets,0,0,0.0015190135454759002
700,tweets,1,1,0.6631470322608948
701,tweets,1,1,0.6630939245223999
702,tweets,1,1,0.6631358861923218
703,tweets,0,0,0.001519101788289845
704,tweets,0,0,0.0015190135454759002
705,tweets,0,0,0.0015188825782388449
706,tweets,0,0,0.0015187800163403153
707,tweets,0,1,0.6631442904472351
708,tweets,0,0,0.0015189644182100892
709,tweets,0,0,0.0015189636033028364
710,tweets,0,0,0.0015190287958830595
711,tweets,0,0,0.0015189253026619554
712,tweets,0,0,0.0015190020203590393
713,tweets,0,0,0.0015190454432740808
714,tweets,0,0,0.0015189852565526962
715,tweets,0,0,0.001518967212177813
716,tweets,1,1,0.6631258726119995
717,tweets,0,0,0.0015189065597951412
718,tweets,1,1,0.6631483435630798
719,tweets,1,1,0.663123607635498
720,tweets,0,1,0.663134753704071
721,tweets,0,0,0.0015190374106168747
722,tweets,0,1,0.663108766078949
723,tweets,0,0,0.0015189151745289564
724,tweets,0,0,0.0015188731485977769
725,tweets,0,0,0.0015191235579550266
726,tweets,0,0,0.0015189658151939511
727,tweets,1,1,0.663131058216095
728,tweets,1,1,0.6630992889404297
729,tweets,0,0,0.0015189079567790031
730,tweets,0,0,0.001519197248853743
731,tweets,0,0,0.0015195568557828665
732,tweets,1,1,0.6631470918655396
733,tweets,0,0,0.0015188768738880754
734,tweets,0,0,0.0015188747784122825
735,tweets,0,1,0.6631326079368591
736,tweets,0,0,0.0015189963160082698
737,tweets,0,0,0.0015191776910796762
738,tweets,0,0,0.001519110519438982
739,tweets,0,1,0.6631355881690979
740,tweets,1,1,0.6631278395652771
741,tweets,0,1,0.6631353497505188
742,tweets,0,1,0.6631065607070923
743,tweets,0,0,0.0015189434634521604
744,tweets,1,1,0.6631441712379456
745,tweets,0,0,0.0015190120320767164
746,tweets,0,0,0.0015188435791060328
747,tweets,0,0,0.0015190772246569395
748,tweets,0,1,0.6631433367729187
749,tweets,0,0,0.001518957898952067
750,tweets,0,0,0.001518889213912189
751,tweets,0,1,0.6631332039833069
752,tweets,0,0,0.001518889213912189
753,tweets,0,1,0.6631342768669128
754,tweets,0,0,0.001518939039669931
755,tweets,0,0,0.0015189730329439044
756,tweets,0,1,0.6631186008453369
757,tweets,1,1,0.6631253361701965
758,tweets,0,0,0.0015190424164757133
759,tweets,0,0,0.0015190020203590393
760,tweets,1,1,0.6631303429603577
761,tweets,1,1,0.66313636302948
762,tweets,0,0,0.0015192104037851095
763,tweets,0,0,0.001518860226497054
764,tweets,0,0,0.0015188016695901752
765,tweets,1,1,0.6631370186805725
766,tweets,0,0,0.0015189889818429947
767,tweets,0,1,0.6630986928939819
768,tweets,0,1,0.6631286144256592
769,tweets,1,1,0.6631035804748535
770,tweets,0,0,0.001518958481028676
771,tweets,0,0,0.0015189036494120955
772,tweets,1,1,0.6631410121917725
773,tweets,1,1,0.6631045937538147
774,tweets,0,0,0.0015190525446087122
775,tweets,1,1,0.6631256937980652
776,tweets,1,1,0.6631125211715698
777,tweets,1,1,0.6631199717521667
778,tweets,0,1,0.663142740726471
779,tweets,0,0,0.0015190382255241275
780,tweets,1,1,0.6631252765655518
781,tweets,0,0,0.0015188849065452814
782,tweets,0,1,0.6631195545196533
783,tweets,0,0,0.0015188832767307758
784,tweets,0,0,0.0015188877005130053
785,tweets,0,0,0.001518966513685882
786,tweets,0,1,0.6631004214286804
787,tweets,0,0,0.0015190092381089926
788,tweets,0,0,0.0015192131977528334
789,tweets,0,0,0.0015189253026619554
790,tweets,0,0,0.0015189036494120955
791,tweets,1,1,0.6631184816360474
792,tweets,0,0,0.0015189312398433685
793,tweets,0,0,0.0015189556870609522
794,tweets,0,0,0.0015189745463430882
795,tweets,0,0,0.0015189419500529766
796,tweets,0,1,0.6631152629852295
797,tweets,0,1,0.6631518602371216
798,tweets,1,1,0.6631267666816711
799,tweets,0,0,0.0015190280973911285
800,tweets,0,1,0.6631349325180054
801,tweets,0,0,0.001518968609161675
802,tweets,0,0,0.0015189918922260404
803,tweets,0,0,0.0015188832767307758
804,tweets,0,0,0.0015190945705398917
805,tweets,0,0,0.0015189946861937642
806,tweets,0,0,0.0015188761753961444
807,tweets,0,0,0.0015188660472631454
808,tweets,0,0,0.0015188934048637748
809,tweets,0,0,0.0015192507999017835
810,tweets,1,1,0.6631458401679993
811,tweets,1,1,0.6631399989128113
812,tweets,1,1,0.6631009578704834
813,tweets,0,0,0.0015187979442998767
814,tweets,0,1,0.6631169319152832
815,tweets,0,0,0.0015189802506938577
816,tweets,0,0,0.0015189831610769033
817,tweets,0,0,0.0015191134298220277
818,tweets,0,0,0.0015189312398433685
819,tweets,1,1,0.6631138920783997
820,tweets,0,0,0.001518918783403933
821,tweets,0,0,0.0015189225086942315
822,tweets,0,1,0.6631422638893127
823,tweets,0,0,0.0015189601108431816
824,tweets,1,1,0.6631219983100891
825,tweets,0,0,0.0015190251870080829
826,tweets,0,1,0.6631434559822083
827,tweets,1,1,0.6631374955177307
828,tweets,0,0,0.0015189036494120955
829,tweets,0,0,0.0015189448604360223
830,tweets,0,0,0.0015188964316621423
831,tweets,1,1,0.6631255149841309
832,tweets,0,0,0.0015189875848591328
833,tweets,0,1,0.6631277203559875
834,tweets,0,0,0.0015189889818429947
835,tweets,0,1,0.6631274819374084
836,tweets,0,1,0.6631283164024353
837,tweets,1,1,0.6631307601928711
838,tweets,0,0,0.001518910052254796
839,tweets,1,1,0.6631203293800354
840,tweets,0,0,0.0015191365964710712
841,tweets,1,1,0.6631220579147339
842,tweets,0,0,0.0015189007390290499
843,tweets,1,1,0.6631282567977905
844,tweets,0,0,0.0015189434634521604
845,tweets,1,1,0.6631155610084534
846,tweets,0,0,0.0015190179692581296
847,tweets,0,0,0.0015189831610769033
848,tweets,0,0,0.0015189629048109055
849,tweets,0,0,0.0015189911937341094
850,tweets,0,0,0.0015189340338110924
851,tweets,1,1,0.6631183624267578
852,tweets,0,0,0.001518861623480916
853,tweets,0,0,0.0015189239056780934
854,tweets,0,0,0.0015191481215879321
855,tweets,0,0,0.0015189108671620488
856,tweets,0,0,0.0015188413672149181
857,tweets,0,0,0.0015190973645076156
858,tweets,0,0,0.0015190396225079894
859,tweets,0,0,0.0015188775723800063
860,tweets,1,1,0.6631127595901489
861,tweets,0,0,0.001518967910669744
862,tweets,0,0,0.0015189021360129118
863,tweets,0,0,0.0015190670965239406
864,tweets,0,0,0.001518978038802743
865,tweets,1,1,0.6631420850753784
866,tweets,0,0,0.0015191162237897515
867,tweets,1,1,0.6631386876106262
868,tweets,0,0,0.0015189998084679246
869,tweets,0,0,0.00151907152030617
870,tweets,0,0,0.0015188761753961444
871,tweets,1,1,0.6631070375442505
872,tweets,0,0,0.0015189963160082698
873,tweets,0,0,0.0015189998084679246
874,tweets,0,0,0.0015190280973911285
875,tweets,0,0,0.0015189549885690212
876,tweets,1,1,0.663136899471283
877,tweets,0,0,0.0015189932892099023
878,tweets,0,0,0.001518851495347917
879,tweets,0,0,0.0015189347323030233
880,tweets,0,0,0.0015189427649602294
881,tweets,0,0,0.001518928213045001
882,tweets,0,0,0.0015189615078270435
883,tweets,0,0,0.0015190757112577558
884,tweets,0,0,0.0015189651167020202
885,tweets,0,0,0.0015189007390290499
886,tweets,0,1,0.6631365418434143
887,tweets,0,1,0.6631243824958801
888,tweets,0,1,0.6630903482437134
889,tweets,0,1,0.6631388068199158
890,tweets,0,0,0.0015189542900770903
891,tweets,0,1,0.6631461381912231
892,tweets,0,0,0.0015190005069598556
893,tweets,1,1,0.6631248593330383
894,tweets,0,0,0.0015243052039295435
895,tweets,0,0,0.0015189151745289564
896,tweets,0,0,0.0015189852565526962
897,tweets,1,1,0.6631203889846802
898,tweets,0,1,0.6630855798721313
899,tweets,0,0,0.0015189513796940446
900,tweets,0,0,0.001518881181254983
901,tweets,0,0,0.001518948469310999
902,tweets,0,0,0.0015190005069598556
903,tweets,1,1,0.6631437540054321
904,tweets,0,0,0.0015189528930932283
905,tweets,0,0,0.0015189036494120955
906,tweets,0,0,0.0015189326368272305
907,tweets,1,1,0.6631240248680115
908,tweets,1,1,0.6631391644477844
909,tweets,0,1,0.6631238460540771
910,tweets,0,0,0.0015189513796940446
911,tweets,0,1,0.6631394624710083
912,tweets,0,0,0.0015189434634521604
913,tweets,0,1,0.6631430983543396
914,tweets,0,0,0.0015190670965239406
915,tweets,0,0,0.0015189253026619554
916,tweets,0,0,0.0015188500983640552
917,tweets,0,0,0.0015190135454759002
918,tweets,1,1,0.6631404757499695
919,tweets,0,0,0.001518919481895864
920,tweets,0,1,0.663142204284668
921,tweets,1,1,0.663140058517456
922,tweets,0,0,0.0015191755956038833
923,tweets,0,0,0.0015189239056780934
924,tweets,1,1,0.6631270051002502
925,tweets,0,0,0.0015191661659628153
926,tweets,0,0,0.0015190114500001073
927,tweets,1,1,0.663120448589325
928,tweets,0,0,0.001518812496215105
929,tweets,0,0,0.0015190655831247568
930,tweets,0,0,0.0015189889818429947
931,tweets,0,0,0.0015189802506938577
932,tweets,0,0,0.0015189266996458173
933,tweets,0,0,0.0015191937563940883
934,tweets,0,0,0.0015188754769042134
935,tweets,0,0,0.0015189889818429947
936,tweets,0,0,0.0015190142439678311
937,tweets,1,1,0.6631163954734802
938,tweets,0,0,0.0015189137775450945
939,tweets,0,1,0.6631597876548767
940,tweets,1,1,0.6631398797035217
941,tweets,0,0,0.0015190650010481477
942,tweets,0,0,0.0015189166879281402
943,tweets,0,0,0.0015189123805612326
944,tweets,0,0,0.0015189542900770903
945,tweets,0,0,0.0015188731485977769
946,tweets,0,0,0.0015190308913588524
947,tweets,0,1,0.6631360650062561
948,tweets,0,0,0.001518938341178
949,tweets,0,1,0.6631417870521545
950,tweets,0,0,0.0015190525446087122
951,tweets,0,1,0.6631351709365845
952,tweets,0,0,0.001519054058007896
953,tweets,1,1,0.6631265878677368
954,tweets,0,1,0.6631243824958801
955,tweets,0,0,0.001518860226497054
956,tweets,1,1,0.6631369590759277
957,tweets,0,0,0.0015187532408162951
958,tweets,1,1,0.6631245017051697
959,tweets,1,1,0.6631203889846802
960,tweets,1,1,0.663116991519928
961,tweets,0,0,0.0015189824625849724
962,tweets,0,0,0.0015189130790531635
963,tweets,1,1,0.6631441116333008
964,tweets,1,1,0.6631131172180176
965,tweets,1,1,0.6631120443344116
966,tweets,1,1,0.6631352305412292
967,tweets,0,0,0.0015190308913588524
968,tweets,1,1,0.6631353497505188
969,tweets,1,1,0.6630891561508179
970,tweets,1,1,0.663114607334137
971,tweets,0,0,0.0015189427649602294
972,tweets,0,0,0.0015189499827101827
973,tweets,0,0,0.0015189570840448141
974,tweets,0,0,0.0015190677950158715
975,tweets,0,0,0.0015191227430477738
976,tweets,0,0,0.0015189644182100892
977,tweets,0,1,0.6631292104721069
978,tweets,1,1,0.663117527961731
979,tweets,0,0,0.0015188761753961444
980,tweets,0,1,0.6631414890289307
981,tweets,1,1,0.663137674331665
982,tweets,0,0,0.001518978038802743
983,tweets,0,0,0.0015188435791060328
984,tweets,0,0,0.0015189745463430882
985,tweets,0,0,0.001519014942459762
986,tweets,0,0,0.0015188638353720307
987,tweets,1,1,0.6631156802177429
988,tweets,0,0,0.001518929610028863
989,tweets,1,1,0.6631360054016113
990,tweets,0,0,0.0015189441619440913
991,tweets,0,0,0.0015189658151939511
992,tweets,0,0,0.0015189528930932283
993,tweets,1,1,0.6631211042404175
994,tweets,0,0,0.0015191524289548397
995,tweets,1,1,0.6631252765655518
996,tweets,0,0,0.00151907152030617
997,tweets,1,1,0.6631369590759277
998,tweets,0,0,0.0015190532431006432
999,tweets,0,0,0.0015190482372418046
1000,tweets,0,0,0.0015190027188509703
1001,tweets,0,0,0.0015189137775450945
1002,tweets,0,0,0.0015189903788268566
1003,tweets,0,0,0.001518861623480916
1004,tweets,1,1,0.6631134748458862
1005,tweets,0,0,0.0015189441619440913
1006,tweets,0,1,0.6631366014480591
1007,tweets,0,0,0.0015188493998721242
1008,tweets,0,0,0.0015190438134595752
1009,tweets,0,0,0.0015190497506409883
1010,tweets,0,0,0.0015188631368800998
1011,tweets,0,1,0.6631072759628296
1012,tweets,0,0,0.0015189946861937642
1013,tweets,0,0,0.0015188473043963313
1014,tweets,0,0,0.0015189658151939511
1015,tweets,0,1,0.663140058517456
1016,tweets,1,1,0.6631303429603577
1017,tweets,0,1,0.6631535291671753
1018,tweets,0,0,0.0015190236736088991
1019,tweets,0,0,0.001518976641818881
1020,tweets,0,1,0.6631423234939575
1021,tweets,1,1,0.6631526947021484
1022,tweets,0,0,0.0015190193662419915
1023,tweets,0,1,0.663142740726471
1024,tweets,1,1,0.6630992889404297
1025,tweets,1,1,0.6631252765655518
1026,tweets,0,0,0.0015189441619440913
1027,tweets,0,0,0.001518889213912189
1028,tweets,1,1,0.6631311774253845
1029,tweets,0,0,0.0015191292623057961
1030,tweets,1,1,0.6631321907043457
1031,tweets,0,0,0.001519015640951693
1032,tweets,1,1,0.6630991697311401
1033,tweets,0,0,0.001518967212177813
1034,tweets,0,0,0.0015188357792794704
1035,tweets,0,1,0.6631021499633789
1036,tweets,0,0,0.0015191148268058896
1037,tweets,1,1,0.6631461977958679
1038,tweets,0,1,0.6631261110305786
1039,tweets,0,0,0.0015190525446087122
1040,tweets,0,0,0.0015190193662419915
1041,tweets,0,0,0.0015189817640930414
1042,tweets,0,0,0.0015189889818429947
1043,tweets,0,0,0.0015190120320767164
1044,tweets,0,1,0.6630880832672119
1045,tweets,1,1,0.663127601146698
1046,tweets,0,0,0.0015190700069069862
1047,tweets,1,1,0.6631189584732056
1048,tweets,0,0,0.0015198600012809038
1049,tweets,0,1,0.6631025671958923
1050,tweets,0,0,0.0015187958488240838
1051,tweets,0,0,0.0015190830454230309
1052,tweets,1,1,0.663098156452179
1053,tweets,0,0,0.0015189918922260404
1054,tweets,1,1,0.6631465554237366
1055,tweets,0,0,0.001518984674476087
1056,tweets,0,0,0.0015189419500529766
1057,tweets,0,0,0.0015189318219199777
1058,tweets,0,0,0.0015189716359600425
1059,tweets,0,0,0.0015188052784651518
1060,tweets,0,0,0.0015188964316621423
1061,tweets,1,1,0.6631531715393066
1062,tweets,1,1,0.6631373167037964
1063,tweets,0,0,0.0015189953846856952
1064,tweets,0,0,0.0015188950346782804
1065,tweets,0,0,0.0015189644182100892
1066,tweets,0,0,0.0015190612757578492
1067,tweets,1,1,0.6631262302398682
1068,tweets,0,1,0.663142204284668
1069,tweets,0,0,0.0015189368277788162
1070,tweets,0,0,0.0015190757112577558
1071,tweets,0,0,0.0015189932892099023
1072,tweets,1,1,0.663104772567749
1073,tweets,0,0,0.00151911994908005
1074,tweets,0,0,0.001518938341178
1075,tweets,0,0,0.0015191190177574754
1076,tweets,0,1,0.6631243824958801
1077,tweets,1,1,0.6631045341491699
1078,tweets,0,0,0.0015188523102551699
1079,tweets,0,0,0.0015189556870609522
1080,tweets,1,1,0.6630918383598328
1081,tweets,0,0,0.0015191453276202083
1082,tweets,1,1,0.6631410717964172
1083,tweets,0,0,0.0015190339181572199
1084,tweets,0,0,0.0015190555714070797
1085,tweets,1,1,0.6631239056587219
1086,tweets,0,0,0.001518870354630053
1087,tweets,0,0,0.001518929610028863
1088,tweets,1,1,0.6630988717079163
1089,tweets,1,1,0.6631118059158325
1090,tweets,1,1,0.6631131768226624
1091,tweets,0,0,0.0015189427649602294
1092,tweets,0,0,0.001519100391305983
1093,tweets,0,0,0.0015189601108431816
1094,tweets,1,1,0.6631426215171814
1095,tweets,0,1,0.663117527961731
1096,tweets,0,0,0.001518909353762865
1097,tweets,0,1,0.6631375551223755
1098,tweets,1,1,0.6631537079811096
1099,tweets,0,0,0.0015188392717391253
1100,tweets,0,0,0.001519149518571794
1101,tweets,0,0,0.0015188964316621423
1102,tweets,0,0,0.00151897594332695
1103,tweets,0,0,0.001518871751613915
1104,tweets,0,0,0.0015189802506938577
1105,tweets,0,0,0.0015189889818429947
1106,tweets,0,0,0.0015192138962447643
1107,tweets,0,0,0.0015190114500001073
1108,tweets,0,0,0.0015190193662419915
1109,tweets,0,1,0.6631114482879639
1110,tweets,0,0,0.001518851495347917
1111,tweets,0,0,0.0015191914280876517
1112,tweets,1,1,0.6631209254264832
1113,tweets,0,0,0.0015189636033028364
1114,tweets,0,0,0.0015189875848591328
1115,tweets,0,1,0.6631261110305786
1116,tweets,1,1,0.663108766078949
1117,tweets,0,1,0.6631311774253845
1118,tweets,1,1,0.6631311178207397
1119,tweets,1,1,0.663124144077301
1120,tweets,0,0,0.0015189658151939511
1121,tweets,1,1,0.663140594959259
1122,tweets,0,0,0.0015190670965239406
1123,tweets,1,1,0.6631029844284058
1124,tweets,0,0,0.0015189889818429947
1125,tweets,1,1,0.6631463170051575
1126,tweets,0,0,0.0015187604585662484
1127,tweets,0,0,0.0015189903788268566
1128,tweets,0,0,0.001519197947345674
1129,tweets,0,0,0.0015192030696198344
1130,tweets,1,1,0.6631388068199158
1131,tweets,1,1,0.6631361246109009
1132,tweets,0,0,0.0015189542900770903
1133,tweets,0,0,0.001518899342045188
1134,tweets,0,0,0.0015189021360129118
1135,tweets,0,0,0.0015190064441412687
1136,tweets,0,0,0.00151907152030617
1137,tweets,0,1,0.6631119847297668
1138,tweets,0,0,0.0015190396225079894
1139,tweets,0,0,0.0015190382255241275
1140,tweets,0,0,0.0015191806014627218
1141,tweets,1,1,0.6631296873092651
1142,tweets,1,1,0.6631436944007874
1143,tweets,0,0,0.0015190078411251307
1144,tweets,0,0,0.0015189513796940446
1145,tweets,0,0,0.001519014942459762
1146,tweets,1,1,0.6630982756614685
1147,tweets,0,0,0.0015189412515610456
1148,tweets,0,1,0.6631349325180054
1149,tweets,1,1,0.6631332039833069
1150,tweets,0,0,0.00151892751455307
1151,tweets,1,1,0.6631069779396057
1152,tweets,0,1,0.663141131401062
1153,tweets,0,0,0.0015190064441412687
1154,tweets,1,1,0.6631320714950562
1155,tweets,0,0,0.0015189441619440913
1156,tweets,0,0,0.0015188920078799129
1157,tweets,0,1,0.6631190180778503
1158,tweets,0,0,0.0015189116820693016
1159,tweets,0,1,0.6631323099136353
1160,tweets,1,1,0.6631132364273071
1161,tweets,0,0,0.0015190020203590393
1162,tweets,0,1,0.6631039977073669
1163,tweets,0,0,0.0015191033016890287
1164,tweets,0,0,0.0015189534751698375
1165,tweets,0,0,0.0015189266996458173
1166,tweets,0,1,0.663144588470459
1167,tweets,0,0,0.0015189513796940446
1168,tweets,0,0,0.001518899342045188
1169,tweets,1,1,0.6631156206130981
1170,tweets,0,0,0.0015188362449407578
1171,tweets,0,0,0.0015189889818429947
1172,tweets,1,1,0.6631343960762024
1173,tweets,1,1,0.6631157398223877
1174,tweets,0,0,0.0015188544057309628
1175,tweets,1,1,0.6631419658660889
1176,tweets,1,1,0.6631311774253845
1177,tweets,1,1,0.6631330847740173
1178,tweets,0,0,0.0015190265839919448
1179,tweets,0,0,0.0015190410194918513
1180,tweets,1,1,0.663116991519928
1181,tweets,0,0,0.0015190880512818694
1182,tweets,0,1,0.6631258130073547
1183,tweets,0,0,0.001518822624348104
1184,tweets,0,0,0.0015188689576461911
1185,tweets,1,1,0.6631383299827576
1186,tweets,0,1,0.6631162762641907
1187,tweets,1,1,0.6631538271903992
1188,tweets,0,0,0.0015189984114840627
1189,tweets,0,0,0.0015189953846856952
1190,tweets,0,0,0.0015190800186246634
1191,tweets,0,0,0.0015190454432740808
1192,tweets,1,1,0.6631226539611816
1193,tweets,0,0,0.0015188559191301465
1194,tweets,0,0,0.0015189897967502475
1195,tweets,0,0,0.0015189326368272305
1196,tweets,0,0,0.0015190973645076156
1197,tweets,0,0,0.0015189977129921317
1198,tweets,0,0,0.0015190438134595752
1199,tweets,1,1,0.6631115674972534
1200,tweets,0,0,0.001523728366009891
1201,tweets,0,0,0.0015188863035291433
1202,tweets,1,1,0.6631361246109009
1203,tweets,0,1,0.6631273031234741
1204,tweets,1,1,0.6631187200546265
1205,tweets,1,1,0.6631296873092651
1206,tweets,0,0,0.0015189629048109055
1207,tweets,1,1,0.6631296277046204
1208,tweets,0,0,0.0015189108671620488
1209,tweets,0,0,0.0015191220445558429
1210,tweets,0,0,0.0015189528930932283
1211,tweets,1,1,0.6631242632865906
1212,tweets,1,1,0.6631502509117126
1213,tweets,0,0,0.0015191074926406145
1214,tweets,0,1,0.6631312966346741
1215,tweets,1,1,0.6631248593330383
1216,tweets,0,0,0.001518986071459949
1217,tweets,0,0,0.001518822624348104
1218,tweets,0,0,0.001518968609161675
1219,tweets,0,0,0.0015189007390290499
1220,tweets,1,1,0.6631184816360474
1221,tweets,0,0,0.0015189563855528831
1222,tweets,0,0,0.0015190872363746166
1223,tweets,0,1,0.6631126403808594
1224,tweets,1,1,0.6631245017051697
1225,tweets,0,0,0.0015189622063189745
1226,tweets,0,0,0.001518928213045001
1227,tweets,1,1,0.6631280183792114
1228,tweets,0,0,0.0015189542900770903
1229,tweets,0,0,0.0015190280973911285
1230,tweets,1,1,0.6631211042404175
1231,tweets,0,0,0.00151887908577919
1232,tweets,0,0,0.001518919481895864
1233,tweets,1,1,0.6631342172622681
1234,tweets,1,1,0.6631120443344116
1235,tweets,0,0,0.0015190294943749905
1236,tweets,1,1,0.6631360054016113
1237,tweets,1,1,0.6631225943565369
1238,tweets,0,0,0.00151907152030617
1239,tweets,0,0,0.0015189469559118152
1240,tweets,0,0,0.001519006909802556
1241,tweets,1,1,0.6631160974502563
1242,tweets,0,0,0.001518939738161862
1243,tweets,0,0,0.0015188631368800998
1244,tweets,0,1,0.663104236125946
1245,tweets,0,0,0.0015192131977528334
1246,tweets,0,0,0.001518930308520794
1247,tweets,0,1,0.6631230115890503
1248,tweets,1,1,0.6631433963775635
1249,tweets,0,0,0.0015189513796940446
1250,tweets,0,0,0.0015191314741969109
1251,tweets,0,0,0.001518939738161862
1252,tweets,0,0,0.0015190410194918513
1253,tweets,1,1,0.6631205081939697
1254,tweets,1,1,0.6631175875663757
1255,tweets,0,0,0.0015190497506409883
1256,tweets,0,0,0.0015190128469839692
1257,tweets,0,0,0.0015190171543508768
1258,tweets,0,0,0.0015190171543508768
1259,tweets,0,0,0.0015188985271379352
1260,tweets,0,0,0.0015189218102023005
1261,tweets,0,0,0.0015190048143267632
1262,tweets,0,1,0.6631221771240234
1263,tweets,0,0,0.0015189333353191614
1264,tweets,0,0,0.0015190251870080829
1265,tweets,0,0,0.0015189702389761806
1266,tweets,0,1,0.6631385684013367
1267,tweets,0,0,0.0015189903788268566
1268,tweets,1,1,0.6631289720535278
1269,tweets,0,0,0.001519014942459762
1270,tweets,0,0,0.0015192016726359725
1271,tweets,0,0,0.001518968609161675
1272,tweets,0,0,0.0015188768738880754
1273,tweets,0,1,0.6631060838699341
1274,tweets,1,1,0.6631056666374207
1275,tweets,0,0,0.0015191386919468641
1276,tweets,0,0,0.00151907152030617
1277,tweets,0,0,0.001518785022199154
1278,tweets,0,1,0.6631384491920471
1279,tweets,0,0,0.0015189050463959575
1280,tweets,1,1,0.6631343960762024
1281,tweets,1,1,0.663144052028656
1282,tweets,0,0,0.001519014942459762
1283,tweets,0,0,0.0015189253026619554
1284,tweets,0,0,0.0015188588295131922
1285,tweets,1,1,0.66310715675354
1286,tweets,0,0,0.0015190374106168747
1287,tweets,1,1,0.6631178855895996
1288,tweets,0,0,0.0015191958518698812
1289,tweets,1,1,0.663102388381958
1290,tweets,0,0,0.0015189838595688343
1291,tweets,0,0,0.0015189549885690212
1292,tweets,0,0,0.0015189455589279532
1293,tweets,0,0,0.0015190353151410818
1294,tweets,0,0,0.0015189499827101827
1295,tweets,0,0,0.0015189166879281402
1296,tweets,0,0,0.0015189702389761806
1297,tweets,0,1,0.6631292700767517
1298,tweets,0,0,0.0015188442775979638
1299,tweets,0,1,0.6631590723991394
1300,tweets,0,0,0.001518966513685882
1301,tweets,1,1,0.6631160974502563
1302,tweets,0,0,0.001518966513685882
1303,tweets,1,1,0.6631374359130859
1304,tweets,0,0,0.0015188964316621423
1305,tweets,1,1,0.6631026864051819
1306,tweets,0,1,0.6631240844726562
1307,tweets,0,0,0.0015190142439678311
1308,tweets,0,0,0.0015189802506938577
1309,tweets,0,1,0.663128674030304
1310,tweets,0,0,0.0015189918922260404
1311,tweets,1,1,0.6631163954734802
1312,tweets,0,0,0.0015190743142738938
1313,tweets,1,1,0.6631543636322021
1314,tweets,0,0,0.001518976641818881
1315,tweets,0,0,0.0015190670965239406
1316,tweets,0,1,0.6631368398666382
1317,tweets,1,1,0.6631187200546265
1318,tweets,1,1,0.6631307601928711
1319,tweets,0,1,0.6631380319595337
1320,tweets,0,0,0.0015191350830718875
1321,tweets,0,1,0.6631035804748535
1322,tweets,0,0,0.0015189007390290499
1323,tweets,1,1,0.663104236125946
1324,tweets,0,1,0.6631220579147339
1325,tweets,1,1,0.663104772567749
1326,tweets,0,0,0.0015188544057309628
1327,tweets,0,0,0.0015190438134595752
1328,tweets,0,0,0.0015190236736088991
1329,tweets,0,0,0.0015189368277788162
1330,tweets,0,0,0.0015189629048109055
1331,tweets,0,0,0.0015189636033028364
1332,tweets,0,1,0.6631360650062561
1333,tweets,0,0,0.0015190511476248503
1334,tweets,0,1,0.6631321907043457
1335,tweets,0,0,0.0015189817640930414
1336,tweets,0,0,0.00151883065700531
1337,tweets,0,0,0.0015190548729151487
1338,tweets,0,0,0.00151898676995188
1339,tweets,1,1,0.663151741027832
1340,tweets,0,0,0.0015190454432740808
1341,tweets,1,1,0.6631292104721069
1342,tweets,0,1,0.6631485223770142
1343,tweets,0,0,0.0015188435791060328
1344,tweets,0,0,0.0015189361292868853
1345,tweets,0,1,0.6631089448928833
1346,tweets,0,1,0.6631184220314026
1347,tweets,0,0,0.0015190221602097154
1348,tweets,1,1,0.6631422638893127
1349,tweets,0,0,0.0015188487013801932
1350,tweets,0,0,0.001519015640951693
1351,tweets,0,1,0.6631226539611816
1352,tweets,1,1,0.6631181836128235
1353,tweets,0,1,0.6631436944007874
1354,tweets,1,1,0.6631252765655518
1355,tweets,0,0,0.0015188530087471008
1356,tweets,0,0,0.0015188371762633324
1357,tweets,0,0,0.001518968609161675
1358,tweets,0,0,0.0015190280973911285
1359,tweets,0,1,0.6631291508674622
1360,tweets,0,0,0.0015190382255241275
1361,tweets,0,0,0.0015189266996458173
1362,tweets,0,0,0.001519054058007896
1363,tweets,0,0,0.0015188009710982442
1364,tweets,0,1,0.6631035804748535
1365,tweets,0,0,0.0015190367121249437
1366,tweets,0,1,0.6631284356117249
1367,tweets,0,0,0.0015189622063189745
1368,tweets,0,0,0.0015189173864200711
1369,tweets,1,1,0.6631035804748535
1370,tweets,0,0,0.0015190193662419915
1371,tweets,0,0,0.001518928213045001
1372,tweets,0,0,0.0015189939877018332
1373,tweets,0,0,0.0015187793178483844
1374,tweets,0,0,0.0015189455589279532
1375,tweets,0,0,0.001518977340310812
1376,tweets,0,0,0.0015189455589279532
1377,tweets,0,0,0.001519197947345674
1378,tweets,1,1,0.6631360650062561
1379,tweets,0,0,0.0015191379934549332
1380,tweets,0,0,0.001518928213045001
1381,tweets,0,0,0.0015190135454759002
1382,tweets,0,0,0.0015189977129921317
1383,tweets,0,0,0.0015189455589279532
1384,tweets,0,0,0.0015189903788268566
1385,tweets,0,0,0.0015190135454759002
1386,tweets,0,0,0.0015189021360129118
1387,tweets,0,0,0.0015189831610769033
1388,tweets,0,0,0.0015188747784122825
1389,tweets,1,1,0.6631214022636414
1390,tweets,1,1,0.6631110310554504
1391,tweets,1,1,0.6631366014480591
1392,tweets,0,0,0.0015189513796940446
1393,tweets,0,0,0.001518928911536932
1394,tweets,1,1,0.6631316542625427
1395,tweets,0,0,0.0015189702389761806
1396,tweets,0,0,0.001518968609161675
1397,tweets,1,1,0.6631158590316772
1398,tweets,1,1,0.6631439924240112
1399,tweets,0,0,0.0015189499827101827
1400,tweets,0,0,0.001518938341178
1401,tweets,0,1,0.6631430983543396
1402,tweets,0,0,0.0015189166879281402
1403,tweets,0,0,0.0015189261175692081
1404,tweets,0,0,0.001518929610028863
1405,tweets,0,0,0.0015189658151939511
1406,tweets,0,0,0.0015190569683909416
1407,tweets,0,0,0.0015190468402579427
1408,tweets,0,0,0.0015189730329439044
1409,tweets,0,0,0.0015188825782388449
1410,tweets,1,1,0.6631518006324768
1411,tweets,0,0,0.0015187719836831093
1412,tweets,0,1,0.6631283760070801
1413,tweets,0,0,0.0015190078411251307
1414,tweets,0,0,0.0015190945705398917
1415,tweets,0,0,0.0015188775723800063
1416,tweets,0,0,0.0015189354307949543
1417,tweets,0,1,0.6630884408950806
1418,tweets,0,0,0.001518957898952067
1419,tweets,0,0,0.001518821925856173
1420,tweets,0,0,0.0015192327555269003
1421,tweets,0,0,0.00151892751455307
1422,tweets,1,1,0.6631362438201904
1423,tweets,0,0,0.0015192320570349693
1424,tweets,1,1,0.6631380915641785
1425,tweets,0,0,0.001518824021331966
1426,tweets,0,0,0.001518967212177813
1427,tweets,1,1,0.6631043553352356
1428,tweets,0,0,0.001518986071459949
1429,tweets,1,1,0.6631357669830322
1430,tweets,1,1,0.6631217002868652
1431,tweets,1,1,0.6631262302398682
1432,tweets,0,1,0.6631320118904114
1433,tweets,1,1,0.6631242632865906
1434,tweets,0,0,0.0015190569683909416
1435,tweets,0,0,0.0015191457932814956
1436,tweets,0,0,0.0015189889818429947
1437,tweets,0,0,0.0015189615078270435
1438,tweets,0,1,0.6631297469139099
1439,tweets,0,0,0.0015189831610769033
1440,tweets,0,0,0.0015189745463430882
1441,tweets,0,1,0.6631261110305786
1442,tweets,0,1,0.6631487607955933
1443,tweets,0,0,0.0015191843267530203
1444,tweets,0,0,0.001518948469310999
1445,tweets,1,1,0.6631327271461487
1446,tweets,0,0,0.001518976641818881
1447,tweets,0,1,0.6631209850311279
1448,tweets,0,0,0.0015190684935078025
1449,tweets,0,0,0.00151892751455307
1450,tweets,0,1,0.6630820035934448
1451,tweets,0,0,0.001518918084912002
1452,tweets,0,1,0.6631062030792236
1453,tweets,0,0,0.0015188559191301465
1454,tweets,1,1,0.6631407141685486
1455,tweets,0,0,0.0015190106350928545
1456,tweets,0,0,0.0015190179692581296
1457,tweets,0,0,0.0015191755956038833
1458,tweets,1,1,0.6631000638008118
1459,tweets,0,1,0.6631256341934204
1460,tweets,1,1,0.6631089448928833
1461,tweets,0,0,0.0015189123805612326
1462,tweets,0,0,0.0015190229751169682
1463,tweets,0,1,0.6631618738174438
1464,tweets,1,1,0.6631267070770264
1465,tweets,0,0,0.0015191046986728907
1466,tweets,0,1,0.6631343960762024
1467,tweets,0,0,0.0015189434634521604
1468,tweets,0,0,0.0015188653487712145
1469,tweets,0,0,0.0015188464894890785
1470,tweets,0,0,0.0015190705889835954
1471,tweets,0,1,0.6631291508674622
1472,tweets,0,0,0.001518871751613915
1473,tweets,0,0,0.0015189116820693016
1474,tweets,0,0,0.001519109820947051
1475,tweets,1,1,0.6631439924240112
1476,tweets,1,1,0.663133442401886
1477,tweets,0,0,0.0015189232071861625
1478,tweets,0,0,0.001518967212177813
1479,tweets,0,0,0.0015190280973911285
1480,tweets,0,0,0.0015190396225079894
1481,tweets,1,1,0.6631487011909485
1482,tweets,0,0,0.0015190396225079894
1483,tweets,0,0,0.001518986071459949
1484,tweets,1,1,0.6631062626838684
1485,tweets,0,0,0.0015189261175692081
1486,tweets,0,0,0.0015189036494120955
1487,tweets,1,1,0.6631197333335876
1488,tweets,0,0,0.0015189963160082698
1489,tweets,0,0,0.0015188581310212612
1490,tweets,0,0,0.001518968609161675
1491,tweets,1,1,0.6631289720535278
1492,tweets,0,1,0.6631227731704712
1493,tweets,0,0,0.001518948469310999
1494,tweets,0,0,0.0015189875848591328
1495,tweets,0,0,0.001518968609161675
1496,tweets,0,1,0.6631126999855042
1497,tweets,0,0,0.001518928213045001
1498,tweets,1,1,0.663125216960907
1499,tweets,0,1,0.6631224751472473
1500,tweets,1,1,0.6631151437759399
1501,tweets,0,0,0.0015188950346782804
1502,tweets,1,1,0.6630979180335999
1503,tweets,0,1,0.6631510853767395
1504,tweets,0,0,0.0015189817640930414
1505,tweets,0,0,0.0015189977129921317
1506,tweets,0,1,0.663130521774292
1507,tweets,0,0,0.0015190800186246634
1508,tweets,0,1,0.6631255149841309
1509,tweets,0,0,0.001518822624348104
1510,tweets,0,0,0.0015189520781859756
1511,tweets,1,1,0.6631349325180054
1512,tweets,1,1,0.6631554961204529
1513,tweets,1,1,0.6631278991699219
1514,tweets,0,0,0.0015189239056780934
1515,tweets,0,0,0.0015189695404842496
1516,tweets,1,1,0.663114070892334
1517,tweets,0,1,0.6631330847740173
1518,tweets,0,1,0.6631513833999634
1519,tweets,0,0,0.001519245677627623
1520,tweets,1,1,0.6631298065185547
1521,tweets,0,0,0.0015193043509498239
1522,tweets,0,0,0.0015207936521619558
1523,tweets,0,0,0.0015189953846856952
1524,tweets,0,1,0.6631320118904114
1525,tweets,0,1,0.6631195545196533
1526,tweets,0,0,0.001518938341178
1527,tweets,0,0,0.0015190280973911285
1528,tweets,1,1,0.6631318926811218
1529,tweets,0,0,0.0015188646502792835
1530,tweets,0,0,0.00151897594332695
1531,tweets,0,0,0.001519014942459762
1532,tweets,1,1,0.6631228923797607
1533,tweets,0,1,0.6631278991699219
1534,tweets,0,0,0.0015187776880338788
1535,tweets,0,0,0.0015191263519227505
1536,tweets,0,0,0.0015189065597951412
1537,tweets,0,0,0.001518929610028863
1538,tweets,0,0,0.001519169774837792
1539,tweets,0,0,0.0015189239056780934
1540,tweets,0,0,0.0015190851408988237
1541,tweets,0,0,0.0015188934048637748
1542,tweets,1,1,0.6631657481193542
1543,tweets,1,1,0.6631343364715576
1544,tweets,0,0,0.0015188624383881688
1545,tweets,1,1,0.6631326675415039
1546,tweets,0,0,0.001518889213912189
1547,tweets,0,0,0.0015191937563940883
1548,tweets,0,0,0.0015190135454759002
1549,tweets,1,1,0.6631344556808472
1550,tweets,0,1,0.6631312966346741
1551,tweets,0,0,0.001518948469310999
1552,tweets,0,0,0.0015190555714070797
1553,tweets,0,1,0.6631535291671753
1554,tweets,0,0,0.001518910052254796
1555,tweets,0,0,0.0015189412515610456
1556,tweets,0,0,0.001518890610896051
1557,tweets,0,0,0.0015189419500529766
1558,tweets,0,1,0.6631001234054565
1559,tweets,0,1,0.6631487011909485
1560,tweets,0,0,0.0015190786216408014
1561,tweets,0,0,0.001518947770819068
1562,tweets,0,0,0.0015190005069598556
1563,tweets,0,0,0.0015188964316621423
1564,tweets,1,1,0.6631405353546143
1565,tweets,0,0,0.00151902437210083
1566,tweets,0,1,0.6631258726119995
1567,tweets,1,1,0.6631327271461487
1568,tweets,0,0,0.0015188009710982442
1569,tweets,0,0,0.0015190525446087122
1570,tweets,1,1,0.6631266474723816
1571,tweets,0,0,0.0015190106350928545
1572,tweets,0,1,0.6631152629852295
1573,tweets,0,0,0.0015189644182100892
1574,tweets,0,0,0.0015190294943749905
1575,tweets,1,1,0.6631154417991638
1576,tweets,0,1,0.6631284356117249
1577,tweets,0,0,0.0015188459074124694
1578,tweets,0,1,0.6631240248680115
1579,tweets,0,0,0.0015189312398433685
1580,tweets,0,0,0.0015189036494120955
1581,tweets,0,0,0.00151925440877676
1582,tweets,0,0,0.001519072917290032
1583,tweets,0,0,0.0015193831641227007
1584,tweets,0,0,0.001518957898952067
1585,tweets,0,0,0.0015189903788268566
1586,tweets,1,1,0.6631209254264832
1587,tweets,0,0,0.0015190569683909416
1588,tweets,0,1,0.6631066799163818
1589,tweets,1,1,0.6631048321723938
1590,tweets,1,1,0.6631379723548889
1591,tweets,0,0,0.0015189831610769033
1592,tweets,0,1,0.6631243824958801
1593,tweets,0,0,0.001518908655270934
1594,tweets,1,1,0.6631622910499573
1595,tweets,0,1,0.6631293892860413
1596,tweets,0,0,0.001518958481028676
1597,tweets,0,0,0.0015189817640930414
1598,tweets,1,1,0.6630989909172058
1599,tweets,0,0,0.0015189014375209808
1600,tweets,1,1,0.6631091833114624
1601,tweets,0,0,0.001518821227364242
1602,tweets,0,0,0.0015188449760898948
1603,tweets,0,0,0.0015191914280876517
1604,tweets,0,0,0.0015188825782388449
1605,tweets,0,0,0.0015189137775450945
1606,tweets,0,0,0.0015190322883427143
1607,tweets,0,0,0.0015189702389761806
1608,tweets,0,0,0.0015189368277788162
1609,tweets,0,0,0.0015189520781859756
1610,tweets,0,0,0.001518919481895864
1611,tweets,0,0,0.0015190135454759002
1612,tweets,1,1,0.6631422638893127
1613,tweets,1,1,0.6631467938423157
1614,tweets,1,1,0.663105309009552
1615,tweets,0,0,0.0015188934048637748
1616,tweets,0,0,0.0015190179692581296
1617,tweets,1,1,0.6631283164024353
1618,tweets,0,1,0.6631122827529907
1619,tweets,0,1,0.6630781292915344
1620,tweets,1,1,0.663093626499176
1621,tweets,1,1,0.6631434559822083
1622,tweets,1,1,0.663127601146698
1623,tweets,1,1,0.6631075739860535
1624,tweets,0,0,0.0015189491678029299
1625,tweets,0,0,0.001518976641818881
1626,tweets,0,0,0.0015188978286460042
1627,tweets,0,0,0.001518860226497054
1628,tweets,0,0,0.0015188978286460042
1629,tweets,0,0,0.001518928213045001
1630,tweets,0,0,0.0015189368277788162
1631,tweets,1,1,0.6630979776382446
1632,tweets,0,0,0.001519399113021791
1633,tweets,1,1,0.6631243824958801
1634,tweets,0,1,0.663165271282196
1635,tweets,0,0,0.0015189963160082698
1636,tweets,0,0,0.0015189730329439044
1637,tweets,0,0,0.001519063487648964
1638,tweets,0,0,0.00151910912245512
1639,tweets,1,1,0.6631516218185425
1640,tweets,0,0,0.0015189810656011105
1641,tweets,0,0,0.0015189036494120955
1642,tweets,0,1,0.6630984544754028
1643,tweets,1,1,0.663141667842865
1644,tweets,0,0,0.0015188399702310562
1645,tweets,1,1,0.6631206274032593
1646,tweets,0,0,0.0015189123805612326
1647,tweets,0,0,0.0015189225086942315
1648,tweets,0,1,0.6631535887718201
1649,tweets,1,1,0.6631132364273071
1650,tweets,0,0,0.001521254307590425
1651,tweets,0,0,0.0015189036494120955
1652,tweets,1,1,0.6630894541740417
1653,tweets,1,1,0.6631102561950684
1654,tweets,0,0,0.0015190684935078025
1655,tweets,1,1,0.6631470322608948
1656,tweets,0,0,0.0015188731485977769
1657,tweets,0,1,0.6631209254264832
1658,tweets,0,1,0.6631248593330383
1659,tweets,0,0,0.001518928213045001
1660,tweets,0,1,0.6631146669387817
1661,tweets,0,1,0.6631488800048828
1662,tweets,0,1,0.6631166934967041
1663,tweets,1,1,0.663130521774292
1664,tweets,0,1,0.6631191372871399
1665,tweets,0,1,0.6631335616111755
1666,tweets,0,1,0.6631398797035217
1667,tweets,1,0,0.00152088503818959
1668,tweets,0,0,0.0015191190177574754
1669,tweets,0,0,0.0015190981794148684
1670,tweets,0,0,0.0015188544057309628
1671,tweets,0,1,0.6631161570549011
1672,tweets,0,0,0.0015189852565526962
1673,tweets,0,0,0.001518947770819068
1674,tweets,0,0,0.0015189412515610456
1675,tweets,0,0,0.0015190569683909416
1676,tweets,0,1,0.6631425023078918
1677,tweets,0,0,0.0015189058613032103
1678,tweets,1,1,0.6631118059158325
1679,tweets,0,0,0.001518929610028863
1680,tweets,0,0,0.0015188971301540732
1681,tweets,0,0,0.0015190064441412687
1682,tweets,0,1,0.663135290145874
1683,tweets,0,0,0.0015192811843007803
1684,tweets,1,1,0.6631185412406921
1685,tweets,0,0,0.001518937642686069
1686,tweets,1,1,0.6631258130073547
1687,tweets,0,0,0.0015195735031738877
1688,tweets,1,1,0.6630997061729431
1689,tweets,0,0,0.0015189745463430882
1690,tweets,0,0,0.0015189817640930414
1691,tweets,1,1,0.66310715675354
1692,tweets,1,1,0.6630980968475342
1693,tweets,1,1,0.6631309390068054
1694,tweets,0,1,0.6631448864936829
1695,tweets,0,0,0.0015190339181572199
1696,tweets,0,1,0.6631438732147217
1697,tweets,0,0,0.0015189903788268566
1698,tweets,0,0,0.001518918084912002
1699,tweets,0,0,0.0015192667488008738
1700,tweets,0,1,0.6631380915641785
1701,tweets,0,0,0.0015190670965239406
1702,tweets,0,0,0.0015189072582870722
1703,tweets,0,0,0.0015188277466222644
1704,tweets,0,1,0.6631061434745789
1705,tweets,0,0,0.001518948469310999
1706,tweets,0,0,0.0015190034173429012
1707,tweets,1,1,0.6631391644477844
1708,tweets,0,0,0.0015188775723800063
1709,tweets,0,0,0.0015189925907179713
1710,tweets,1,1,0.663151204586029
1711,tweets,1,1,0.6631163954734802
1712,tweets,0,0,0.0015189594123512506
1713,tweets,0,0,0.001518929610028863
1714,tweets,0,1,0.6631260514259338
1715,tweets,0,0,0.001519081648439169
1716,tweets,0,0,0.0015189970145002007
1717,tweets,0,0,0.0015189253026619554
1718,tweets,0,1,0.6631540060043335
1719,tweets,0,0,0.0015189875848591328
1720,tweets,0,0,0.0015190280973911285
1721,tweets,1,1,0.6631296277046204
1722,tweets,0,0,0.0015190793201327324
1723,tweets,0,0,0.0015190504491329193
1724,tweets,0,0,0.0015188530087471008
1725,tweets,0,0,0.0015190106350928545
1726,tweets,0,0,0.0015188883990049362
1727,tweets,0,1,0.6631295084953308
1728,tweets,0,1,0.6631039977073669
1729,tweets,0,0,0.0015189123805612326
1730,tweets,0,0,0.0015189932892099023
1731,tweets,0,0,0.0015189412515610456
1732,tweets,0,1,0.6631301641464233
1733,tweets,0,1,0.6631203293800354
1734,tweets,1,1,0.6631531715393066
1735,tweets,0,1,0.663095235824585
1736,tweets,0,0,0.0015190482372418046
1737,tweets,1,1,0.6631303429603577
1738,tweets,0,1,0.6631271839141846
1739,tweets,0,0,0.0015190308913588524
1740,tweets,1,1,0.6631284952163696
1741,tweets,0,0,0.0015189246041700244
1742,tweets,1,1,0.6631408333778381
1743,tweets,1,1,0.6631230711936951
1744,tweets,1,1,0.6631454229354858
1745,tweets,1,1,0.6631316542625427
1746,tweets,0,0,0.0015190736157819629
1747,tweets,0,0,0.001518986071459949
1748,tweets,0,0,0.0015190468402579427
1749,tweets,1,1,0.6631020903587341
1750,tweets,0,0,0.0015189266996458173
1751,tweets,0,0,0.00151897594332695
1752,tweets,1,1,0.6631453037261963
1753,tweets,0,0,0.0015189469559118152
1754,tweets,0,0,0.0015192111022770405
1755,tweets,1,1,0.6631368398666382
1756,tweets,0,0,0.0015189730329439044
1757,tweets,0,1,0.6631351113319397
1758,tweets,0,0,0.0015189412515610456
1759,tweets,0,0,0.0015189570840448141
1760,tweets,0,0,0.001519111916422844
1761,tweets,1,1,0.6631394624710083
1762,tweets,0,0,0.0015190844424068928
1763,tweets,1,1,0.6631182432174683
1764,tweets,0,0,0.001518984674476087
1765,tweets,0,1,0.6631280183792114
1766,tweets,0,1,0.6631299257278442
1767,tweets,0,0,0.001518851495347917
1768,tweets,1,1,0.6631115674972534
1769,tweets,0,0,0.0015199858462437987
1770,tweets,0,0,0.0015190106350928545
1771,tweets,0,0,0.001518958481028676
1772,tweets,0,0,0.0015189211117103696
1773,tweets,0,0,0.0015189368277788162
1774,tweets,1,1,0.6631556153297424
1775,tweets,0,0,0.0015189817640930414
1776,tweets,1,1,0.6631122827529907
1777,tweets,0,0,0.00151897594332695
1778,tweets,0,0,0.0015189542900770903
1779,tweets,0,0,0.0015192818827927113
1780,tweets,1,1,0.6631261706352234
1781,tweets,0,0,0.0015195806045085192
1782,tweets,0,0,0.001518929610028863
1783,tweets,0,0,0.0015188595280051231
1784,tweets,0,1,0.6631430387496948
1785,tweets,0,0,0.0015189882833510637
1786,tweets,1,1,0.6631375551223755
1787,tweets,0,0,0.0015188863035291433
1788,tweets,0,0,0.0015190562698990107
1789,tweets,0,0,0.0015190258855000138
1790,tweets,0,0,0.0015189991099759936
1791,tweets,1,1,0.6631496548652649
1792,tweets,1,1,0.6631406545639038
1793,tweets,1,1,0.6631273627281189
1794,tweets,1,1,0.663120448589325
1795,tweets,0,1,0.6631000638008118
1796,tweets,0,0,0.0015188863035291433
1797,tweets,0,0,0.001518919481895864
1798,tweets,0,0,0.00151916837785393
1799,tweets,0,0,0.0015189542900770903
1800,tweets,1,1,0.6631137132644653
1801,tweets,1,1,0.6631108522415161
1802,tweets,0,1,0.6631287336349487
1803,tweets,0,0,0.0015188667457550764
1804,tweets,0,0,0.0015189796686172485
1805,tweets,0,0,0.0015191148268058896
1806,tweets,0,1,0.6631225347518921
1807,tweets,0,1,0.6631365418434143
1808,tweets,0,0,0.0015190650010481477
1809,tweets,0,1,0.6631203889846802
1810,tweets,0,0,0.001518890610896051
1811,tweets,1,1,0.6631270051002502
1812,tweets,0,1,0.6631275415420532
1813,tweets,0,1,0.6631467938423157
1814,tweets,0,0,0.0015191453276202083
1815,tweets,1,1,0.6631372570991516
1816,tweets,0,0,0.0015188849065452814
1817,tweets,0,0,0.0015190967824310064
1818,tweets,1,1,0.663114070892334
1819,tweets,0,0,0.0015189499827101827
1820,tweets,0,0,0.0015189448604360223
1821,tweets,0,0,0.0015190830454230309
1822,tweets,1,1,0.663114070892334
1823,tweets,1,1,0.6631354689598083
1824,tweets,0,0,0.001518958481028676
1825,tweets,0,0,0.0015191965503618121
1826,tweets,0,0,0.0015188660472631454
1827,tweets,0,0,0.0015189520781859756
1828,tweets,0,0,0.0015188660472631454
1829,tweets,0,0,0.0015190655831247568
1830,tweets,1,1,0.6630932092666626
1831,tweets,0,1,0.6631406545639038
1832,tweets,0,0,0.0015190793201327324
1833,tweets,0,0,0.0015190468402579427
1834,tweets,0,0,0.0015190786216408014
1835,tweets,0,0,0.0015188985271379352
1836,tweets,0,0,0.0015189225086942315
1837,tweets,0,0,0.0015190207632258534
1838,tweets,0,1,0.6631184220314026
1839,tweets,1,1,0.6631295084953308
1840,tweets,0,0,0.0015190757112577558
1841,tweets,0,0,0.0015189984114840627
1842,tweets,0,0,0.0015190055128186941
1843,tweets,1,1,0.6631399989128113
1844,tweets,0,1,0.663112223148346
1845,tweets,1,1,0.6631303429603577
1846,tweets,0,1,0.6631395816802979
1847,tweets,1,1,0.6631150245666504
1848,tweets,0,0,0.0015189021360129118
1849,tweets,0,0,0.0015190872363746166
1850,tweets,0,1,0.6631326675415039
1851,tweets,1,1,0.6631208062171936
1852,tweets,0,0,0.0015189021360129118
1853,tweets,1,1,0.663131058216095
1854,tweets,0,1,0.6631375551223755
1855,tweets,0,1,0.6631249785423279
1856,tweets,1,1,0.663088321685791
1857,tweets,0,0,0.0015191639540717006
1858,tweets,0,0,0.0015188270481303334
1859,tweets,0,1,0.6631312966346741
1860,tweets,1,1,0.6631343960762024
1861,tweets,1,1,0.6631029844284058
1862,tweets,0,0,0.0015189723344519734
1863,tweets,1,1,0.663137674331665
1864,tweets,0,0,0.0015188950346782804
1865,tweets,1,1,0.6631197333335876
1866,tweets,0,0,0.0015189225086942315
1867,tweets,1,1,0.6631068587303162
1868,tweets,0,0,0.0015189108671620488
1869,tweets,0,0,0.0015189058613032103
1870,tweets,1,1,0.6631365418434143
1871,tweets,0,0,0.001518919481895864
1872,tweets,0,0,0.0015188775723800063
1873,tweets,0,1,0.6631323099136353
1874,tweets,0,0,0.0015190482372418046
1875,tweets,0,1,0.6631473898887634
1876,tweets,0,0,0.0015190120320767164
1877,tweets,0,0,0.0015189232071861625
1878,tweets,0,1,0.6631531119346619
1879,tweets,0,0,0.0015190894482657313
1880,tweets,0,0,0.001518860226497054
1881,tweets,0,0,0.001519120647571981
1882,tweets,0,0,0.001519158249720931
1883,tweets,1,1,0.6631417870521545
1884,tweets,1,1,0.6630904674530029
1885,tweets,0,0,0.0015190078411251307
1886,tweets,1,1,0.6631360650062561
1887,tweets,0,1,0.6631309390068054
1888,tweets,0,0,0.0015188631368800998
1889,tweets,0,1,0.6631461381912231
1890,tweets,0,0,0.0015190221602097154
1891,tweets,1,1,0.6631205081939697
1892,tweets,0,0,0.0015190793201327324
1893,tweets,0,0,0.0015191235579550266
1894,tweets,1,1,0.6631154417991638
1895,tweets,0,0,0.001519246376119554
1896,tweets,0,0,0.0015206352109089494
1897,tweets,0,1,0.6631255149841309
1898,tweets,0,0,0.0015190410194918513
1899,tweets,0,0,0.0015188038814812899
1900,tweets,0,0,0.0015190772246569395
1901,tweets,0,0,0.0015190482372418046
1902,tweets,1,1,0.663123607635498
1903,tweets,0,0,0.0015190468402579427
1904,tweets,0,0,0.0015190872363746166
1905,tweets,0,1,0.6631409525871277
1906,tweets,0,0,0.0015190382255241275
1907,tweets,0,0,0.0015189455589279532
1908,tweets,1,1,0.6631016135215759
1909,tweets,0,0,0.001518938341178
1910,tweets,0,0,0.001519015640951693
1911,tweets,0,0,0.0015191719867289066
1912,tweets,0,0,0.0015190308913588524
1913,tweets,0,0,0.0015189246041700244
1914,tweets,0,0,0.0015189658151939511
1915,tweets,0,0,0.001518814591690898
1916,tweets,0,0,0.0015193548751994967
1917,tweets,1,1,0.6631244421005249
1918,tweets,0,1,0.6631470918655396
1919,tweets,0,0,0.0015190207632258534
1920,tweets,0,1,0.6631274223327637
1921,tweets,1,1,0.6631234884262085
1922,tweets,0,0,0.001518842182122171
1923,tweets,1,1,0.6631054878234863
1924,tweets,0,0,0.001518977340310812
1925,tweets,0,0,0.001519429381005466
1926,tweets,0,0,0.0015190590638667345
1927,tweets,0,0,0.0015189347323030233
1928,tweets,0,1,0.6631055474281311
1929,tweets,0,0,0.0015188038814812899
1930,tweets,0,0,0.001519101788289845
1931,tweets,0,0,0.0015189889818429947
1932,tweets,0,0,0.0015189427649602294
1933,tweets,0,0,0.0015190569683909416
1934,tweets,0,1,0.6631214022636414
1935,tweets,0,0,0.001518977340310812
1936,tweets,0,1,0.6630951166152954
1937,tweets,0,0,0.001518938341178
1938,tweets,0,0,0.001518860226497054
1939,tweets,0,0,0.0015190078411251307
1940,tweets,1,1,0.6631098985671997
1941,tweets,0,1,0.663127064704895
1942,tweets,0,0,0.0015189629048109055
1943,tweets,0,0,0.0015190120320767164
1944,tweets,1,1,0.6631155014038086
1945,tweets,0,0,0.0015189404366537929
1946,tweets,1,1,0.6631066203117371
1947,tweets,0,1,0.6631311774253845
1948,tweets,0,0,0.0015188775723800063
1949,tweets,0,0,0.0015189211117103696
1950,tweets,0,0,0.0015190221602097154
1951,tweets,0,0,0.0015190959675237536
1952,tweets,1,1,0.6631253957748413
1953,tweets,0,0,0.0015190887497738004
1954,tweets,0,1,0.6631007790565491
1955,tweets,0,0,0.0015189123805612326
1956,tweets,0,0,0.0015188449760898948
1957,tweets,0,0,0.0015189977129921317
1958,tweets,0,0,0.0015189542900770903
1959,tweets,0,0,0.0015188183169811964
1960,tweets,1,1,0.6630922555923462
1961,tweets,0,0,0.0015189737314358354
1962,tweets,0,0,0.0015189745463430882
1963,tweets,0,0,0.0015189601108431816
1964,tweets,0,0,0.0015190684935078025
1965,tweets,0,1,0.6631363034248352
1966,tweets,0,0,0.0015189601108431816
1967,tweets,1,1,0.6631172299385071
1968,tweets,0,1,0.6631516218185425
1969,tweets,0,0,0.0015190590638667345
1970,tweets,0,0,0.0015189556870609522
1971,tweets,1,1,0.6631324291229248
1972,tweets,0,1,0.6631323099136353
1973,tweets,1,1,0.6631295680999756
1974,tweets,0,0,0.0015189903788268566
1975,tweets,0,1,0.6631112694740295
1976,tweets,0,1,0.6631287336349487
1977,tweets,1,1,0.6631491184234619
1978,tweets,0,0,0.0015189455589279532
1979,tweets,0,0,0.001518977340310812
1980,tweets,0,0,0.0015188357792794704
1981,tweets,0,0,0.0015189412515610456
1982,tweets,0,0,0.0015192104037851095
1983,tweets,0,0,0.0015188920078799129
1984,tweets,0,0,0.0015189434634521604
1985,tweets,0,0,0.0015189528930932283
1986,tweets,0,0,0.0015188459074124694
1987,tweets,0,1,0.6631547808647156
1988,tweets,0,0,0.0015189932892099023
1989,tweets,0,0,0.0015189434634521604
1990,tweets,0,0,0.0015190438134595752
1991,tweets,0,0,0.0015190135454759002
1992,tweets,0,0,0.0015189361292868853
1993,tweets,1,1,0.6631065607070923
1994,tweets,0,1,0.6631194949150085
1995,tweets,1,1,0.663127064704895
1996,tweets,1,1,0.6631270051002502
1997,tweets,0,0,0.0015188985271379352
1998,tweets,0,0,0.001519072917290032
1999,tweets,0,0,0.0015189563855528831
2000,tweets,0,1,0.6631458401679993
2001,tweets,0,0,0.0015189326368272305
2002,tweets,0,0,0.0015189462574198842
2003,tweets,0,0,0.0015189347323030233
2004,tweets,0,0,0.00151892751455307
2005,tweets,1,1,0.6631262898445129
2006,tweets,1,1,0.6631278991699219
2007,tweets,0,0,0.0015189817640930414
2008,tweets,0,0,0.0015190382255241275
2009,tweets,0,0,0.0015190099366009235
2010,tweets,0,0,0.001519100391305983
2011,tweets,0,0,0.001518967212177813
2012,tweets,1,1,0.6631515026092529
2013,tweets,0,0,0.0015189036494120955
2014,tweets,0,0,0.0015190700069069862
2015,tweets,1,1,0.663135290145874
2016,tweets,0,0,0.0015189977129921317
2017,tweets,0,1,0.6631452441215515
2018,tweets,1,1,0.6631038188934326
2019,tweets,0,0,0.0015190598787739873
2020,tweets,0,0,0.001518977340310812
2021,tweets,0,0,0.0015188362449407578
2022,tweets,0,0,0.0015189556870609522
2023,tweets,0,0,0.001518860226497054
2024,tweets,0,0,0.001518930308520794
2025,tweets,0,0,0.001518967910669744
2026,tweets,0,0,0.0015190548729151487
2027,tweets,0,0,0.0015189644182100892
2028,tweets,0,0,0.001518957898952067
2029,tweets,1,1,0.6631021499633789
2030,tweets,0,0,0.0015188646502792835
2031,tweets,1,1,0.6631354093551636
2032,tweets,0,0,0.001519015640951693
2033,tweets,0,1,0.6631542444229126
2034,tweets,0,0,0.0015190548729151487
2035,tweets,0,0,0.001519072917290032
2036,tweets,0,0,0.001519178505986929
2037,tweets,0,1,0.6631455421447754
2038,tweets,0,0,0.0015190200647339225
2039,tweets,1,1,0.663124680519104
2040,tweets,1,1,0.6631408929824829
2041,tweets,0,0,0.001519102486781776
2042,tweets,0,0,0.0015189469559118152
2043,tweets,0,0,0.0015188500983640552
2044,tweets,0,0,0.0015189159894362092
2045,tweets,1,1,0.6631178855895996
2046,tweets,0,0,0.0015189211117103696
2047,tweets,1,1,0.6631253361701965
2048,tweets,1,1,0.6630969047546387
2049,tweets,0,0,0.0015192298451438546
2050,tweets,0,1,0.6631247997283936
2051,tweets,0,0,0.0015188920078799129
2052,tweets,1,1,0.663123607635498
2053,tweets,0,0,0.0015190438134595752
2054,tweets,0,1,0.6631211638450623
2055,tweets,0,0,0.0015189716359600425
2056,tweets,1,1,0.6631463766098022
2057,tweets,0,1,0.6631138920783997
2058,tweets,0,0,0.0015189831610769033
2059,tweets,0,0,0.0015189419500529766
2060,tweets,1,1,0.6631426215171814
2061,tweets,0,1,0.6631255149841309
2062,tweets,0,0,0.0015189239056780934
2063,tweets,1,1,0.6631143093109131
2064,tweets,0,0,0.0015189608093351126
2065,tweets,0,1,0.6631117463111877
2066,tweets,1,1,0.6631355881690979
2067,tweets,0,0,0.0015196212334558368
2068,tweets,0,0,0.0015190034173429012
2069,tweets,0,0,0.0015188660472631454
2070,tweets,0,0,0.0015189218102023005
2071,tweets,0,0,0.001518986071459949
2072,tweets,0,0,0.0015189144760370255
2073,tweets,1,1,0.6631265878677368
2074,tweets,1,1,0.6631309390068054
2075,tweets,1,1,0.6630978584289551
2076,tweets,0,0,0.0015190221602097154
2077,tweets,0,0,0.001518832752481103
2078,tweets,1,1,0.6631408333778381
2079,tweets,1,1,0.663131058216095
2080,tweets,0,1,0.6631287336349487
2081,tweets,0,0,0.0015189629048109055
2082,tweets,0,0,0.001518958481028676
2083,tweets,0,0,0.0015192768769338727
2084,tweets,0,0,0.0015188934048637748
2085,tweets,0,0,0.001519209472462535
2086,tweets,0,0,0.00151897594332695
2087,tweets,1,1,0.6631278395652771
2088,tweets,0,0,0.0015190670965239406
2089,tweets,0,0,0.0015194114530459046
2090,tweets,0,0,0.001518977340310812
2091,tweets,0,0,0.0015188385732471943
2092,tweets,0,1,0.6631056666374207
2093,tweets,0,1,0.6631417870521545
2094,tweets,1,1,0.6630967855453491
2095,tweets,0,0,0.0015192131977528334
2096,tweets,1,1,0.6631398797035217
2097,tweets,1,1,0.6631118655204773
2098,tweets,0,1,0.6631284356117249
2099,tweets,0,0,0.0015190670965239406
2100,tweets,1,1,0.6631109118461609
2101,tweets,0,0,0.001519658137112856
2102,tweets,0,0,0.001518978038802743
2103,tweets,0,0,0.0015188595280051231
2104,tweets,0,0,0.0015189831610769033
2105,tweets,0,0,0.0015190396225079894
2106,tweets,0,0,0.0015191538259387016
2107,tweets,0,0,0.0015189615078270435
2108,tweets,1,1,0.6631021499633789
2109,tweets,0,0,0.0015188357792794704
2110,tweets,0,0,0.0015188435791060328
2111,tweets,0,1,0.6631227731704712
2112,tweets,1,1,0.6631078124046326
2113,tweets,1,1,0.6631353497505188
2114,tweets,0,0,0.0015190901467576623
2115,tweets,0,0,0.0015188002726063132
2116,tweets,0,0,0.0015190165722742677
2117,tweets,0,0,0.0015189702389761806
2118,tweets,0,0,0.0015190981794148684
2119,tweets,0,0,0.0015189615078270435
2120,tweets,1,1,0.663119375705719
2121,tweets,0,0,0.0015189130790531635
2122,tweets,1,1,0.6631209254264832
2123,tweets,0,0,0.0015188066754490137
2124,tweets,0,0,0.0015188725665211678
2125,tweets,1,1,0.6631445288658142
2126,tweets,1,1,0.6631115078926086
2127,tweets,0,0,0.0015189556870609522
2128,tweets,1,1,0.663151741027832
2129,tweets,1,1,0.6631291508674622
2130,tweets,0,0,0.0015188950346782804
2131,tweets,0,0,0.0015191148268058896
2132,tweets,0,0,0.0015190823469311
2133,tweets,0,0,0.0015189266996458173
2134,tweets,0,0,0.0015190410194918513
2135,tweets,0,0,0.0015188832767307758
2136,tweets,1,1,0.6631498336791992
2137,tweets,0,0,0.0015188934048637748
2138,tweets,1,1,0.6630783081054688
2139,tweets,0,0,0.0015188825782388449
2140,tweets,0,0,0.001518831355497241
2141,tweets,0,0,0.0015189108671620488
2142,tweets,0,0,0.001518793753348291
2143,tweets,0,0,0.0015188371762633324
2144,tweets,0,0,0.0015189427649602294
2145,tweets,1,1,0.6631330847740173
2146,tweets,1,1,0.6631103157997131
2147,tweets,0,0,0.001518871751613915
2148,tweets,0,0,0.0015189737314358354
2149,tweets,0,1,0.6631343960762024
2150,tweets,0,0,0.0015190308913588524
2151,tweets,0,0,0.0015189340338110924
2152,tweets,0,1,0.6631109714508057
2153,tweets,0,0,0.001519150915555656
2154,tweets,0,0,0.001518765464425087
2155,tweets,1,1,0.6631133556365967
2156,tweets,0,0,0.0015189108671620488
2157,tweets,1,1,0.6631237268447876
2158,tweets,0,0,0.0015192348510026932
2159,tweets,0,0,0.001518871751613915
2160,tweets,0,0,0.0015188523102551699
2161,tweets,1,1,0.663130521774292
2162,tweets,0,0,0.0015189239056780934
2163,tweets,0,1,0.6631330847740173
2164,tweets,0,1,0.6631223559379578
2165,tweets,0,1,0.6631419062614441
2166,tweets,0,0,0.0015189266996458173
2167,tweets,0,0,0.0015190193662419915
2168,tweets,1,1,0.6631193161010742
2169,tweets,1,1,0.6630929708480835
2170,tweets,0,0,0.0015189072582870722
2171,tweets,0,0,0.0015189852565526962
2172,tweets,0,0,0.0015189412515610456
2173,tweets,0,0,0.0015188631368800998
2174,tweets,1,1,0.6631348729133606
2175,tweets,0,1,0.6631388068199158
2176,tweets,0,0,0.0015189977129921317
2177,tweets,0,0,0.0015190750127658248
2178,tweets,0,0,0.0015187518438324332
2179,tweets,0,0,0.0015202268259599805
2180,tweets,1,1,0.66312175989151
2181,tweets,1,1,0.6631099581718445
2182,tweets,0,1,0.6631230711936951
2183,tweets,0,0,0.0015193201834335923
2184,tweets,1,1,0.6631258130073547
2185,tweets,0,0,0.0015190743142738938
2186,tweets,0,1,0.6631377935409546
2187,tweets,0,0,0.0015190830454230309
2188,tweets,0,0,0.0015190482372418046
2189,tweets,0,0,0.0015189925907179713
2190,tweets,0,0,0.0015189007390290499
2191,tweets,0,1,0.6631158590316772
2192,tweets,0,0,0.001518814591690898
2193,tweets,0,0,0.0015189556870609522
2194,tweets,0,0,0.0015190353151410818
2195,tweets,0,0,0.0015190973645076156
2196,tweets,0,0,0.0015189239056780934
2197,tweets,0,1,0.6631420254707336
2198,tweets,0,0,0.0015192118007689714
2199,tweets,0,0,0.0015190265839919448
2200,tweets,1,1,0.6631122827529907
2201,tweets,1,1,0.6631469130516052
2202,tweets,0,0,0.0015189166879281402
2203,tweets,1,1,0.6631557941436768
2204,tweets,0,1,0.6631020307540894
2205,tweets,0,0,0.0015189326368272305
2206,tweets,1,1,0.663105845451355
2207,tweets,0,0,0.0015188357792794704
2208,tweets,0,0,0.0015194345032796264
2209,tweets,0,0,0.0015189570840448141
2210,tweets,0,1,0.6631271839141846
2211,tweets,0,1,0.6631249785423279
2212,tweets,1,1,0.6631258726119995
2213,tweets,0,0,0.001519475132226944
2214,tweets,0,0,0.00151887908577919
2215,tweets,1,1,0.6631200909614563
2216,tweets,0,0,0.0015189810656011105
2217,tweets,0,0,0.0015189831610769033
2218,tweets,0,0,0.0015189513796940446
2219,tweets,0,0,0.0015190569683909416
2220,tweets,0,0,0.0015189123805612326
2221,tweets,0,1,0.663111686706543
2222,tweets,0,0,0.0015190064441412687
2223,tweets,0,1,0.6631165742874146
2224,tweets,0,0,0.001518967910669744
2225,tweets,0,1,0.6631405353546143
2226,tweets,1,1,0.6631500720977783
2227,tweets,1,1,0.6631129384040833
2228,tweets,0,0,0.0015190034173429012
2229,tweets,1,1,0.6631006002426147
2230,tweets,1,1,0.6631225943565369
2231,tweets,0,0,0.001518928213045001
2232,tweets,1,1,0.6631355881690979
2233,tweets,0,1,0.6631273627281189
2234,tweets,0,0,0.0015190497506409883
2235,tweets,0,0,0.0015190339181572199
2236,tweets,1,1,0.6631371974945068
2237,tweets,0,0,0.0015189984114840627
2238,tweets,1,1,0.6631398797035217
2239,tweets,0,0,0.0015191559214144945
2240,tweets,0,0,0.0015189246041700244
2241,tweets,1,1,0.6630998849868774
2242,tweets,1,1,0.663143515586853
2243,tweets,0,0,0.0015189520781859756
2244,tweets,0,1,0.6631287336349487
2245,tweets,1,1,0.6631394624710083
2246,tweets,0,0,0.0015190135454759002
2247,tweets,1,1,0.6631321310997009
2248,tweets,0,0,0.0015190655831247568
2249,tweets,0,0,0.0015189745463430882
2250,tweets,1,1,0.6631243824958801
2251,tweets,0,1,0.6631097793579102
2252,tweets,0,1,0.6631569862365723
2253,tweets,1,1,0.6631208658218384
2254,tweets,0,0,0.0015191568527370691
2255,tweets,1,1,0.663120687007904
2256,tweets,0,0,0.0015189570840448141
2257,tweets,0,1,0.6631415486335754
2258,tweets,0,0,0.0015190830454230309
2259,tweets,0,0,0.0015192030696198344
2260,tweets,0,0,0.0015189225086942315
2261,tweets,0,0,0.0015189925907179713
2262,tweets,0,1,0.663147509098053
2263,tweets,0,0,0.0015189326368272305
2264,tweets,0,0,0.001518976641818881
2265,tweets,1,1,0.6631223559379578
2266,tweets,1,1,0.6631622910499573
2267,tweets,0,1,0.6631308794021606
2268,tweets,1,1,0.6631152629852295
2269,tweets,0,0,0.0015189556870609522
2270,tweets,0,0,0.0015189563855528831
2271,tweets,0,0,0.0015189340338110924
2272,tweets,0,0,0.0015189225086942315
2273,tweets,1,1,0.6631476283073425
2274,tweets,0,0,0.001518918783403933
2275,tweets,0,0,0.0015190410194918513
2276,tweets,1,1,0.663113534450531
2277,tweets,0,0,0.001518919481895864
2278,tweets,0,1,0.6631235480308533
2279,tweets,0,0,0.0015189211117103696
2280,tweets,1,1,0.6631133556365967
2281,tweets,1,1,0.6631371378898621
2282,tweets,0,1,0.6631420254707336
2283,tweets,0,0,0.0015194389270618558
2284,tweets,0,1,0.6631171107292175
2285,tweets,0,0,0.0015189361292868853
2286,tweets,0,0,0.0015189137775450945
2287,tweets,0,0,0.0015190497506409883
2288,tweets,0,0,0.0015188934048637748
2289,tweets,0,1,0.6631097793579102
2290,tweets,0,0,0.0015189513796940446
2291,tweets,0,0,0.0015188950346782804
2292,tweets,0,0,0.0015192111022770405
2293,tweets,0,0,0.0015191647689789534
2294,tweets,0,1,0.6631436347961426
2295,tweets,0,0,0.0015187807148322463
2296,tweets,1,1,0.6631459593772888
2297,tweets,1,1,0.6631239652633667
2298,tweets,0,0,0.0015189615078270435
2299,tweets,0,0,0.00151911994908005
2300,tweets,1,1,0.6631327867507935
2301,tweets,0,0,0.0015197210013866425
2302,tweets,1,1,0.6631177663803101
2303,tweets,1,1,0.6631339192390442
2304,tweets,0,0,0.001518948469310999
2305,tweets,1,1,0.6631397604942322
2306,tweets,0,0,0.001519054058007896
2307,tweets,1,1,0.6631035804748535
2308,tweets,0,0,0.0015190236736088991
2309,tweets,1,1,0.6631210446357727
2310,tweets,0,0,0.0015192341525107622
2311,tweets,0,0,0.001518967910669744
2312,tweets,1,1,0.6630922555923462
2313,tweets,1,1,0.6631330251693726
2314,tweets,0,0,0.0015189831610769033
2315,tweets,0,1,0.6631050109863281
2316,tweets,0,1,0.6631481647491455
2317,tweets,0,0,0.001519062789157033
2318,tweets,0,0,0.0015190251870080829
2319,tweets,0,1,0.6631150245666504
2320,tweets,0,0,0.0015189802506938577
2321,tweets,0,0,0.0015189427649602294
2322,tweets,0,0,0.0015188747784122825
2323,tweets,0,0,0.001518967212177813
2324,tweets,0,0,0.0015189925907179713
2325,tweets,1,1,0.6631577014923096
2326,tweets,0,0,0.001519658719189465
2327,tweets,0,0,0.0015189817640930414
2328,tweets,0,0,0.001519150217063725
2329,tweets,1,1,0.663124144077301
2330,tweets,1,1,0.6630985736846924
2331,tweets,0,0,0.0015191799029707909
2332,tweets,1,1,0.6631180644035339
2333,tweets,0,0,0.0015188574325293303
2334,tweets,1,1,0.663108229637146
2335,tweets,0,0,0.0015189368277788162
2336,tweets,1,1,0.663114607334137
2337,tweets,0,0,0.0015190410194918513
2338,tweets,1,1,0.6631162762641907
2339,tweets,1,1,0.6631461381912231
2340,tweets,1,1,0.6631367206573486
2341,tweets,1,1,0.663110613822937
2342,tweets,0,0,0.0015191060956567526
2343,tweets,0,0,0.0015189340338110924
2344,tweets,0,0,0.0015189615078270435
2345,tweets,0,0,0.0015188413672149181
2346,tweets,1,1,0.6631419658660889
2347,tweets,1,1,0.6631255745887756
2348,tweets,0,1,0.6630942821502686
2349,tweets,0,0,0.0015189499827101827
2350,tweets,1,1,0.6631365418434143
2351,tweets,1,1,0.6631496548652649
2352,tweets,1,1,0.6631107330322266
2353,tweets,0,0,0.0015189144760370255
2354,tweets,1,1,0.6630929708480835
2355,tweets,0,0,0.0015190251870080829
2356,tweets,1,1,0.6631057262420654
2357,tweets,1,1,0.6631031036376953
2358,tweets,0,0,0.0015189788537099957
2359,tweets,1,1,0.663114607334137
2360,tweets,0,0,0.0015190880512818694
2361,tweets,0,0,0.0015189007390290499
2362,tweets,0,0,0.0015190048143267632
2363,tweets,0,0,0.001518929610028863
2364,tweets,0,0,0.001518939738161862
2365,tweets,0,1,0.6631214022636414
2366,tweets,0,0,0.0015189702389761806
2367,tweets,0,0,0.0015189253026619554
2368,tweets,0,0,0.0015189977129921317
2369,tweets,1,1,0.6631414294242859
2370,tweets,0,0,0.0015191067941486835
2371,tweets,0,0,0.0015188341494649649
2372,tweets,1,1,0.6631228923797607
2373,tweets,1,1,0.6631335616111755
2374,tweets,1,1,0.6631370186805725
2375,tweets,0,0,0.0015190020203590393
2376,tweets,1,1,0.6630975008010864
2377,tweets,0,0,0.0015188978286460042
2378,tweets,0,0,0.0015190367121249437
2379,tweets,0,1,0.6631327271461487
2380,tweets,0,0,0.0015189173864200711
2381,tweets,0,0,0.0015189014375209808
2382,tweets,0,0,0.0015189918922260404
2383,tweets,1,1,0.6631432175636292
2384,tweets,0,0,0.001519139390438795
2385,tweets,0,0,0.001518937642686069
2386,tweets,0,0,0.001519054058007896
2387,tweets,0,0,0.0015189520781859756
2388,tweets,0,0,0.0015190779231488705
2389,tweets,0,0,0.0015190367121249437
2390,tweets,0,0,0.0015189065597951412
2391,tweets,0,0,0.001518870354630053
2392,tweets,1,1,0.6631261110305786
2393,tweets,0,0,0.00151888991240412
2394,tweets,0,1,0.6631280183792114
2395,tweets,0,0,0.0015190085396170616
2396,tweets,0,0,0.0015190135454759002
2397,tweets,1,1,0.6631283164024353
2398,tweets,0,0,0.001518976641818881
2399,tweets,1,1,0.6631434559822083
2400,tweets,1,1,0.6631313562393188
2401,tweets,0,0,0.001518891309387982
2402,tweets,0,0,0.0015189563855528831
2403,tweets,0,0,0.001518881879746914
2404,tweets,1,1,0.6631308794021606
2405,tweets,1,1,0.663144588470459
2406,tweets,0,0,0.0015189563855528831
2407,tweets,0,0,0.0015189253026619554
2408,tweets,1,1,0.663143515586853
2409,tweets,0,0,0.001518930308520794
2410,tweets,0,0,0.0015189079567790031
2411,tweets,0,0,0.0015190454432740808
2412,tweets,0,0,0.0015189520781859756
2413,tweets,1,1,0.6631159782409668
2414,tweets,0,1,0.6631211042404175
2415,tweets,0,0,0.0015190793201327324
2416,tweets,0,0,0.001518938341178
2417,tweets,0,0,0.0015189788537099957
2418,tweets,0,0,0.001519101089797914
2419,tweets,0,0,0.0015189326368272305
2420,tweets,1,1,0.6630989909172058
2421,tweets,0,0,0.0015189745463430882
2422,tweets,1,1,0.6631358861923218
2423,tweets,0,0,0.0015189123805612326
2424,tweets,0,0,0.001518976641818881
2425,tweets,0,0,0.0015189021360129118
2426,tweets,0,0,0.001518891309387982
2427,tweets,0,1,0.663118302822113
2428,tweets,0,0,0.0015189266996458173
2429,tweets,0,1,0.6631304621696472
2430,tweets,1,1,0.6631184220314026
2431,tweets,0,0,0.0015190684935078025
2432,tweets,0,0,0.001519006909802556
2433,tweets,0,0,0.0015191277489066124
2434,tweets,0,1,0.6631186604499817
2435,tweets,0,0,0.0015187141252681613
2436,tweets,0,1,0.6631249785423279
2437,tweets,0,0,0.0015191148268058896
2438,tweets,0,0,0.001518984674476087
2439,tweets,0,0,0.0015191074926406145
2440,tweets,0,0,0.0015188530087471008
2441,tweets,0,0,0.0015190525446087122
2442,tweets,0,0,0.0015188183169811964
2443,tweets,0,0,0.0015189716359600425
2444,tweets,0,1,0.6631256937980652
2445,tweets,1,1,0.6631434559822083
2446,tweets,1,1,0.6631051898002625
2447,tweets,0,0,0.0015189021360129118
2448,tweets,0,0,0.0015190186677500606
2449,tweets,0,0,0.0015189239056780934
2450,tweets,0,0,0.0015188574325293303
2451,tweets,0,0,0.0015190353151410818
2452,tweets,0,0,0.0015188371762633324
2453,tweets,0,1,0.6631370782852173
2454,tweets,1,1,0.6631122827529907
2455,tweets,0,0,0.0015188392717391253
2456,tweets,1,1,0.6631383895874023
2457,tweets,0,0,0.0015191314741969109
2458,tweets,0,0,0.0015189266996458173
2459,tweets,0,0,0.0015189491678029299
2460,tweets,0,0,0.0015189970145002007
2461,tweets,0,0,0.0015190765261650085
2462,tweets,1,1,0.6631498336791992
2463,tweets,0,1,0.6631307601928711
2464,tweets,0,0,0.0015190346166491508
2465,tweets,1,1,0.6631388068199158
2466,tweets,0,1,0.6631194353103638
2467,tweets,0,0,0.001519209472462535
2468,tweets,0,0,0.0015188428806141019
2469,tweets,0,0,0.00151897594332695
2470,tweets,0,0,0.0015189333353191614
2471,tweets,0,0,0.0015189239056780934
2472,tweets,0,0,0.0015191893326118588
2473,tweets,0,0,0.0015188927063718438
2474,tweets,0,0,0.001518785022199154
2475,tweets,0,0,0.0015189528930932283
2476,tweets,1,1,0.6631020307540894
2477,tweets,0,0,0.0015189651167020202
2478,tweets,1,1,0.6631312966346741
2479,tweets,0,0,0.0015189991099759936
2480,tweets,0,1,0.663120687007904
2481,tweets,0,1,0.6631399989128113
2482,tweets,0,0,0.0015188971301540732
2483,tweets,1,1,0.6631418466567993
2484,tweets,0,0,0.0015190171543508768
2485,tweets,0,0,0.0015189644182100892
2486,tweets,1,1,0.6631392240524292
2487,tweets,1,1,0.6631039977073669
2488,tweets,0,0,0.001518881879746914
2489,tweets,0,0,0.0015189629048109055
2490,tweets,0,0,0.0015191277489066124
2491,tweets,0,0,0.0015190684935078025
2492,tweets,0,0,0.0015199134359136224
2493,tweets,0,0,0.0015190757112577558
2494,tweets,0,0,0.001518889213912189
2495,tweets,0,0,0.0015189151745289564
2496,tweets,0,0,0.001518967910669744
2497,tweets,0,0,0.0015189326368272305
2498,tweets,0,0,0.00151897594332695
2499,tweets,0,0,0.0015188856050372124
2500,tweets,0,1,0.6631378531455994
2501,tweets,1,1,0.6631147265434265
2502,tweets,1,1,0.6631197333335876
2503,tweets,1,1,0.6631238460540771
2504,tweets,0,0,0.0015188849065452814
2505,tweets,0,0,0.0015191277489066124
2506,tweets,1,1,0.6631152629852295
2507,tweets,0,0,0.0015189007390290499
2508,tweets,0,0,0.0015189326368272305
2509,tweets,0,0,0.0015189021360129118
2510,tweets,1,1,0.6631139516830444
2511,tweets,0,0,0.0015190048143267632
2512,tweets,0,0,0.0015190917765721679
2513,tweets,0,0,0.0015189817640930414
2514,tweets,0,1,0.6631321310997009
2515,tweets,1,1,0.6631192564964294
2516,tweets,0,0,0.0015189513796940446
2517,tweets,0,1,0.6631442904472351
2518,tweets,0,0,0.001518967212177813
2519,tweets,0,1,0.6631389260292053
2520,tweets,0,0,0.0015190525446087122
2521,tweets,0,0,0.0015189434634521604
2522,tweets,1,1,0.6630821228027344
2523,tweets,0,0,0.0015189831610769033
2524,tweets,0,0,0.001519110519438982
2525,tweets,0,0,0.0015188971301540732
2526,tweets,1,1,0.6631177663803101
2527,tweets,0,0,0.001518899342045188
2528,tweets,0,0,0.0015189817640930414
2529,tweets,0,1,0.6631390452384949
2530,tweets,0,0,0.001519015640951693
2531,tweets,1,1,0.6631112098693848
2532,tweets,0,0,0.001518870354630053
2533,tweets,1,1,0.6631335020065308
2534,tweets,0,0,0.0015189232071861625
2535,tweets,1,1,0.663117527961731
2536,tweets,1,1,0.6631199717521667
2537,tweets,0,0,0.0015188768738880754
2538,tweets,0,0,0.0015189137775450945
2539,tweets,0,1,0.6631445288658142
2540,tweets,0,0,0.0015189253026619554
2541,tweets,1,1,0.663127064704895
2542,tweets,1,1,0.6631211638450623
2543,tweets,0,0,0.0015188559191301465
2544,tweets,1,1,0.6631371378898621
2545,tweets,1,1,0.6631329655647278
2546,tweets,0,0,0.001518899342045188
2547,tweets,0,0,0.0015188667457550764
2548,tweets,0,0,0.001518869656138122
2549,tweets,0,0,0.0015189211117103696
2550,tweets,0,0,0.0015189570840448141
2551,tweets,0,0,0.0015189036494120955
2552,tweets,0,0,0.0015190590638667345
2553,tweets,0,1,0.6631638407707214
2554,tweets,0,0,0.0015188825782388449
2555,tweets,1,1,0.6631209850311279
2556,tweets,0,1,0.6631215810775757
2557,tweets,0,0,0.0015190294943749905
2558,tweets,0,0,0.001518958481028676
2559,tweets,0,0,0.0015187828103080392
2560,tweets,0,0,0.0015189239056780934
2561,tweets,0,0,0.0015190106350928545
2562,tweets,0,0,0.0015189852565526962
2563,tweets,0,0,0.0015188428806141019
2564,tweets,0,0,0.0015189984114840627
2565,tweets,0,0,0.0015189211117103696
2566,tweets,0,1,0.6631311774253845
2567,tweets,0,0,0.0015189340338110924
2568,tweets,0,1,0.6631420850753784
2569,tweets,0,0,0.0015190265839919448
2570,tweets,0,0,0.0015188110992312431
2571,tweets,0,1,0.6630974411964417
2572,tweets,0,0,0.0015191725688055158
2573,tweets,1,1,0.6631547808647156
2574,tweets,0,1,0.6631214022636414
2575,tweets,0,0,0.001519139390438795
2576,tweets,0,1,0.6631097793579102
2577,tweets,0,0,0.0015189513796940446
2578,tweets,0,0,0.0015189852565526962
2579,tweets,1,1,0.6631327271461487
2580,tweets,0,0,0.0015188971301540732
2581,tweets,0,0,0.0015190207632258534
2582,tweets,0,0,0.0015190800186246634
2583,tweets,0,0,0.0015189953846856952
2584,tweets,0,0,0.0015191176207736135
2585,tweets,1,1,0.6631306409835815
2586,tweets,1,1,0.6631314158439636
2587,tweets,0,0,0.001518948469310999
2588,tweets,0,0,0.001518785022199154
2589,tweets,0,0,0.0015189903788268566
2590,tweets,0,0,0.0015189629048109055
2591,tweets,1,1,0.6631408333778381
2592,tweets,0,1,0.6631124019622803
2593,tweets,0,1,0.663104236125946
2594,tweets,1,1,0.6631312370300293
2595,tweets,0,1,0.6631425023078918
2596,tweets,0,0,0.0015189903788268566
2597,tweets,0,0,0.0015188392717391253
2598,tweets,0,0,0.0015189499827101827
2599,tweets,1,1,0.6631194353103638
2600,tweets,0,0,0.001518822624348104
2601,tweets,0,1,0.6631349325180054
2602,tweets,0,0,0.001519169774837792
2603,tweets,0,0,0.0015189506812021136
2604,tweets,1,1,0.6631124019622803
2605,tweets,1,1,0.6631187796592712
2606,tweets,0,1,0.663151741027832
2607,tweets,1,1,0.6631045341491699
2608,tweets,0,0,0.0015189788537099957
2609,tweets,1,1,0.6631045341491699
2610,tweets,0,0,0.001519072218798101
2611,tweets,1,1,0.6631110310554504
2612,tweets,0,0,0.0015188081888481975
2613,tweets,0,1,0.6631360054016113
2614,tweets,0,0,0.0015194460283964872
2615,tweets,0,0,0.001518899342045188
2616,tweets,0,0,0.0015190106350928545
2617,tweets,0,0,0.0015188247198238969
2618,tweets,1,1,0.663120687007904
2619,tweets,1,1,0.6631328463554382
2620,tweets,0,0,0.0015188090037554502
2621,tweets,0,0,0.0015189601108431816
2622,tweets,1,1,0.6631219387054443
2623,tweets,1,1,0.6630993485450745
2624,tweets,0,0,0.0015189225086942315
2625,tweets,0,0,0.0015188775723800063
2626,tweets,0,0,0.00151897594332695
2627,tweets,1,1,0.6631299257278442
2628,tweets,0,0,0.0015189723344519734
2629,tweets,0,0,0.0015189998084679246
2630,tweets,0,1,0.6631263494491577
2631,tweets,1,1,0.6631259322166443
2632,tweets,0,0,0.0015190339181572199
2633,tweets,0,0,0.0015189137775450945
2634,tweets,1,1,0.6631240844726562
2635,tweets,0,0,0.0015190945705398917
2636,tweets,0,1,0.6631003618240356
2637,tweets,1,1,0.6631330847740173
2638,tweets,1,1,0.6631282567977905
2639,tweets,0,0,0.0015189570840448141
2640,tweets,1,1,0.6631255745887756
2641,tweets,0,0,0.0015189036494120955
2642,tweets,1,1,0.6631309390068054
2643,tweets,0,0,0.001518871751613915
2644,tweets,0,0,0.0015190128469839692
2645,tweets,1,1,0.6631228923797607
2646,tweets,1,1,0.6631344556808472
2647,tweets,1,1,0.6631100177764893
2648,tweets,0,1,0.6631326675415039
2649,tweets,0,0,0.0015189601108431816
2650,tweets,1,1,0.6631327271461487
2651,tweets,1,1,0.6631155610084534
2652,tweets,0,0,0.0015189542900770903
2653,tweets,0,0,0.0015190388076007366
2654,tweets,0,0,0.001518967212177813
2655,tweets,1,1,0.6631395816802979
2656,tweets,1,1,0.6631086468696594
2657,tweets,0,0,0.001519072218798101
2658,tweets,0,0,0.0015190786216408014
2659,tweets,1,1,0.6631278991699219
2660,tweets,0,1,0.6631289720535278
2661,tweets,0,0,0.0015189427649602294
2662,tweets,1,1,0.6631371378898621
2663,tweets,0,0,0.0015192145947366953
2664,tweets,0,0,0.0015189123805612326
2665,tweets,0,0,0.0015191241400316358
2666,tweets,1,1,0.663159191608429
2667,tweets,0,0,0.0015189246041700244
2668,tweets,0,0,0.0015191335696727037
2669,tweets,0,0,0.0015190569683909416
2670,tweets,0,0,0.001518899342045188
2671,tweets,0,0,0.0015191033016890287
2672,tweets,0,0,0.0015189506812021136
2673,tweets,1,1,0.6631396412849426
2674,tweets,0,0,0.0015189354307949543
2675,tweets,0,0,0.0015189615078270435
2676,tweets,0,0,0.0015189469559118152
2677,tweets,0,1,0.6631085276603699
2678,tweets,0,0,0.0015193347353488207
2679,tweets,0,0,0.001519255805760622
2680,tweets,0,0,0.0015190106350928545
2681,tweets,0,0,0.0015191148268058896
2682,tweets,0,1,0.6631534099578857
2683,tweets,0,1,0.6630954742431641
2684,tweets,0,0,0.0015189239056780934
2685,tweets,0,0,0.0015188392717391253
2686,tweets,1,1,0.6631326079368591
2687,tweets,0,0,0.0015189137775450945
2688,tweets,0,1,0.6631364226341248
2689,tweets,0,0,0.001518918084912002
2690,tweets,1,1,0.6631303429603577
2691,tweets,0,0,0.0015188646502792835
2692,tweets,1,1,0.6631429195404053
2693,tweets,0,0,0.0015190569683909416
2694,tweets,0,1,0.6631402969360352
2695,tweets,1,1,0.6631074547767639
2696,tweets,0,0,0.00151916837785393
2697,tweets,0,0,0.0015189253026619554
2698,tweets,0,0,0.001518976641818881
2699,tweets,1,1,0.6631162762641907
2700,tweets,1,1,0.663094699382782
2701,tweets,0,0,0.0015189752448350191
2702,tweets,0,1,0.6631498336791992
2703,tweets,0,0,0.0015190691919997334
2704,tweets,0,1,0.6631295680999756
2705,tweets,0,0,0.0015190374106168747
2706,tweets,0,0,0.0015190186677500606
2707,tweets,0,0,0.0015192528953775764
2708,tweets,0,1,0.6630970239639282
2709,tweets,0,0,0.0015190034173429012
2710,tweets,0,0,0.0015190020203590393
2711,tweets,0,0,0.0015189889818429947
2712,tweets,0,0,0.0015188675606623292
2713,tweets,0,0,0.00151897594332695
2714,tweets,0,0,0.0015188883990049362
2715,tweets,0,0,0.0015189253026619554
2716,tweets,0,0,0.0015190700069069862
2717,tweets,1,1,0.6631332635879517
2718,tweets,1,1,0.6631574630737305
2719,tweets,0,0,0.0015190410194918513
2720,tweets,0,1,0.6631274819374084
2721,tweets,1,1,0.6631162762641907
2722,tweets,0,0,0.0015191453276202083
2723,tweets,1,1,0.663140594959259
2724,tweets,0,0,0.0015189014375209808
2725,tweets,0,1,0.6631265878677368
2726,tweets,0,0,0.0015189802506938577
2727,tweets,1,1,0.6631489396095276
2728,tweets,1,1,0.66312175989151
2729,tweets,1,1,0.663141667842865
2730,tweets,0,0,0.0015190619742497802
2731,tweets,0,0,0.0015188023680821061
2732,tweets,0,0,0.0015189412515610456
2733,tweets,0,0,0.0015188863035291433
2734,tweets,1,1,0.663121223449707
2735,tweets,0,0,0.0015190569683909416
2736,tweets,0,1,0.6631298065185547
2737,tweets,0,0,0.001519197248853743
2738,tweets,1,1,0.6631235480308533
2739,tweets,0,0,0.0015190800186246634
2740,tweets,0,1,0.6631026268005371
2741,tweets,1,1,0.6631125211715698
2742,tweets,1,1,0.6631345152854919
2743,tweets,1,1,0.6631240248680115
2744,tweets,0,0,0.0015189889818429947
2745,tweets,0,0,0.0015191538259387016
2746,tweets,0,1,0.6631410121917725
2747,tweets,1,1,0.663124680519104
2748,tweets,1,1,0.6630957126617432
2749,tweets,0,0,0.0015190360136330128
2750,tweets,0,0,0.0015188631368800998
2751,tweets,0,0,0.0015190005069598556
2752,tweets,0,0,0.0015190265839919448
2753,tweets,0,0,0.0015188081888481975
2754,tweets,0,0,0.001518880482763052
2755,tweets,1,1,0.6631482243537903
2756,tweets,0,0,0.0015189036494120955
2757,tweets,0,0,0.001518968609161675
2758,tweets,0,1,0.6631358861923218
2759,tweets,1,1,0.6630991101264954
2760,tweets,0,0,0.001519081648439169
2761,tweets,1,1,0.6631197333335876
2762,tweets,0,0,0.001518958481028676
2763,tweets,0,0,0.0015189658151939511
2764,tweets,0,0,0.0015189534751698375
2765,tweets,0,0,0.0015189072582870722
2766,tweets,0,1,0.6631156802177429
2767,tweets,1,1,0.6631470322608948
2768,tweets,0,0,0.0015189946861937642
2769,tweets,0,0,0.0015187793178483844
2770,tweets,1,1,0.6631525158882141
2771,tweets,1,1,0.6631209850311279
2772,tweets,0,0,0.0015188934048637748
2773,tweets,0,1,0.6631209254264832
2774,tweets,1,1,0.6631001234054565
2775,tweets,0,0,0.0015190497506409883
2776,tweets,1,1,0.6631418466567993
2777,tweets,0,0,0.0015189361292868853
2778,tweets,0,0,0.0015191379934549332
2779,tweets,0,0,0.0015189977129921317
2780,tweets,0,1,0.6631495356559753
2781,tweets,0,0,0.0015189448604360223
2782,tweets,0,0,0.0015189903788268566
2783,tweets,0,0,0.0015190497506409883
2784,tweets,0,0,0.0015189173864200711
2785,tweets,0,0,0.0015198651235550642
2786,tweets,1,1,0.6631456613540649
2787,tweets,0,1,0.6631158590316772
2788,tweets,0,1,0.6631193161010742
2789,tweets,0,0,0.0015189434634521604
2790,tweets,1,1,0.6631448268890381
2791,tweets,0,0,0.0015189716359600425
2792,tweets,1,1,0.6631025671958923
2793,tweets,1,1,0.6631277799606323
2794,tweets,1,1,0.6631138920783997
2795,tweets,0,0,0.0015189123805612326
2796,tweets,0,0,0.001518957898952067
2797,tweets,0,0,0.0015195792075246572
2798,tweets,0,0,0.0015189897967502475
2799,tweets,0,0,0.0015189875848591328
2800,tweets,0,0,0.0015188588295131922
2801,tweets,1,1,0.6631252765655518
2802,tweets,0,1,0.663128674030304
2803,tweets,0,0,0.0015189253026619554
2804,tweets,0,0,0.0015189318219199777
2805,tweets,1,1,0.6631130576133728
2806,tweets,0,1,0.6631097793579102
2807,tweets,0,0,0.0015189404366537929
2808,tweets,0,0,0.0015189123805612326
2809,tweets,0,0,0.001518890610896051
2810,tweets,1,1,0.6631103157997131
2811,tweets,0,0,0.0015189312398433685
2812,tweets,0,0,0.0015191321726888418
2813,tweets,0,0,0.0015189427649602294
2814,tweets,1,1,0.663135290145874
2815,tweets,0,0,0.001519160345196724
2816,tweets,0,1,0.6631374359130859
2817,tweets,0,0,0.0015188934048637748
2818,tweets,0,0,0.0015188385732471943
2819,tweets,0,0,0.0015190830454230309
2820,tweets,0,0,0.001518920180387795
2821,tweets,0,1,0.6631165742874146
2822,tweets,0,0,0.0015189644182100892
2823,tweets,0,0,0.0015190880512818694
2824,tweets,0,0,0.0015188957331702113
2825,tweets,1,1,0.663140594959259
2826,tweets,0,0,0.0015189108671620488
2827,tweets,0,0,0.0015188971301540732
2828,tweets,1,1,0.6631318926811218
2829,tweets,1,1,0.6631385087966919
2830,tweets,0,0,0.0015188775723800063
2831,tweets,0,0,0.0015188169199973345
2832,tweets,0,0,0.0015192494029179215
2833,tweets,0,0,0.0015189333353191614
2834,tweets,0,0,0.001518977340310812
2835,tweets,1,1,0.6631101965904236
2836,tweets,1,1,0.6631208062171936
2837,tweets,0,0,0.0015190027188509703
2838,tweets,1,1,0.6631238460540771
2839,tweets,1,1,0.6631436944007874
2840,tweets,0,0,0.0015194836305454373
2841,tweets,0,0,0.0015189108671620488
2842,tweets,0,0,0.0015189615078270435
2843,tweets,0,0,0.0015188428806141019
2844,tweets,1,1,0.6631429195404053
2845,tweets,1,1,0.663108766078949
2846,tweets,0,0,0.0015190135454759002
2847,tweets,0,0,0.0015189977129921317
2848,tweets,1,1,0.6631394028663635
2849,tweets,0,0,0.0015189159894362092
2850,tweets,1,1,0.6631025671958923
2851,tweets,0,0,0.0015189644182100892
2852,tweets,0,1,0.663122296333313
2853,tweets,1,1,0.6631441712379456
2854,tweets,0,0,0.0015188725665211678
2855,tweets,0,0,0.0015189137775450945
2856,tweets,0,0,0.0015190322883427143
2857,tweets,0,0,0.001518851495347917
2858,tweets,0,0,0.0015191625570878386
2859,tweets,0,0,0.0015190489357337356
2860,tweets,1,1,0.6631250977516174
2861,tweets,0,0,0.0015189455589279532
2862,tweets,0,0,0.0015189079567790031
2863,tweets,0,0,0.0015189810656011105
2864,tweets,0,0,0.001518822624348104
2865,tweets,0,0,0.0015188428806141019
2866,tweets,0,0,0.0015191704733297229
2867,tweets,0,0,0.001518984674476087
2868,tweets,0,1,0.6631230711936951
2869,tweets,0,1,0.6631247997283936
2870,tweets,0,0,0.0015187988756224513
2871,tweets,0,0,0.0015188646502792835
2872,tweets,0,1,0.6631101965904236
2873,tweets,0,0,0.0015189601108431816
2874,tweets,0,0,0.0015190339181572199
2875,tweets,0,1,0.6631233096122742
2876,tweets,1,1,0.6631062030792236
2877,tweets,0,0,0.0015190691919997334
2878,tweets,0,0,0.0015188559191301465
2879,tweets,0,0,0.0015188920078799129
2880,tweets,1,1,0.6631163954734802
2881,tweets,0,0,0.0015189266996458173
2882,tweets,0,0,0.0015189065597951412
2883,tweets,0,0,0.001518910052254796
2884,tweets,0,0,0.0015190844424068928
2885,tweets,0,0,0.0015189702389761806
2886,tweets,0,0,0.0015189824625849724
2887,tweets,0,1,0.6631039381027222
2888,tweets,0,1,0.6631494164466858
2889,tweets,0,1,0.6631134748458862
2890,tweets,0,1,0.6631300449371338
2891,tweets,0,1,0.6631079912185669
2892,tweets,0,0,0.001518880482763052
2893,tweets,0,1,0.6631200313568115
2894,tweets,1,1,0.6631557941436768
2895,tweets,0,1,0.6631252765655518
2896,tweets,0,1,0.6631029844284058
2897,tweets,0,1,0.6631155610084534
2898,tweets,0,1,0.6631572842597961
2899,tweets,1,1,0.6631000638008118
2900,tweets,0,0,0.0015189695404842496
2901,tweets,0,0,0.0015188832767307758
2902,tweets,0,1,0.6631278991699219
2903,tweets,0,0,0.0015189455589279532
2904,tweets,0,0,0.0015189007390290499
2905,tweets,0,0,0.001519169774837792
2906,tweets,0,0,0.0015189427649602294
2907,tweets,0,0,0.001518899342045188
2908,tweets,0,0,0.0015190120320767164
2909,tweets,0,0,0.001518891309387982
2910,tweets,1,1,0.66314297914505
2911,tweets,1,1,0.6631077527999878
2912,tweets,0,0,0.0015191864222288132
2913,tweets,0,0,0.0015196559252217412
2914,tweets,0,0,0.001518918084912002
2915,tweets,1,1,0.6631467938423157
2916,tweets,0,0,0.0015190128469839692
2917,tweets,0,0,0.0015190743142738938
2918,tweets,0,0,0.0015189239056780934
2919,tweets,1,1,0.6631069779396057
2920,tweets,0,0,0.0015188775723800063
2921,tweets,0,0,0.0015190830454230309
2922,tweets,0,0,0.0015189455589279532
2923,tweets,0,0,0.0015190786216408014
2924,tweets,0,0,0.001519063487648964
2925,tweets,0,0,0.0015189239056780934
2926,tweets,1,1,0.6631123423576355
2927,tweets,0,0,0.0015188500983640552
2928,tweets,0,0,0.001518967910669744
2929,tweets,0,0,0.0015190214617177844
2930,tweets,1,1,0.6631515622138977
2931,tweets,1,1,0.6631143689155579
2932,tweets,0,0,0.0015189499827101827
2933,tweets,0,0,0.0015190367121249437
2934,tweets,0,0,0.0015190367121249437
2935,tweets,0,0,0.0015189644182100892
2936,tweets,0,1,0.663131594657898
2937,tweets,0,0,0.0015191457932814956
2938,tweets,0,0,0.0015189253026619554
2939,tweets,0,1,0.6631110906600952
2940,tweets,0,0,0.0015190410194918513
2941,tweets,0,0,0.0015189570840448141
2942,tweets,0,0,0.001518871751613915
2943,tweets,0,1,0.6631366014480591
2944,tweets,1,1,0.6631242036819458
2945,tweets,1,1,0.6631274819374084
2946,tweets,0,0,0.0015188747784122825
2947,tweets,0,0,0.001518918783403933
2948,tweets,0,0,0.0015189368277788162
2949,tweets,0,0,0.0015190532431006432
2950,tweets,0,0,0.0015189817640930414
2951,tweets,0,1,0.6631184220314026
2952,tweets,1,1,0.6631420254707336
2953,tweets,0,1,0.663126528263092
2954,tweets,0,0,0.001518929610028863
2955,tweets,0,1,0.6631220579147339
2956,tweets,0,0,0.0015190475387498736
2957,tweets,0,1,0.6631333827972412
2958,tweets,0,0,0.0015189513796940446
2959,tweets,0,0,0.001518881879746914
2960,tweets,1,1,0.6631141901016235
2961,tweets,0,0,0.0015190207632258534
2962,tweets,0,0,0.00151874590665102
2963,tweets,0,0,0.0015191060956567526
2964,tweets,1,1,0.6630973815917969
2965,tweets,1,1,0.6631335020065308
2966,tweets,1,1,0.663146436214447
2967,tweets,0,0,0.0015189629048109055
2968,tweets,0,0,0.0015190064441412687
2969,tweets,1,1,0.663124144077301
2970,tweets,0,0,0.0015189817640930414
2971,tweets,0,1,0.6631235480308533
2972,tweets,0,0,0.0015190020203590393
2973,tweets,0,1,0.6631324291229248
2974,tweets,0,0,0.0015189159894362092
2975,tweets,0,0,0.0015189615078270435
2976,tweets,0,0,0.00151888991240412
2977,tweets,0,1,0.6631342172622681
2978,tweets,1,1,0.6631377935409546
2979,tweets,0,0,0.0015190367121249437
2980,tweets,0,0,0.0015189549885690212
2981,tweets,0,0,0.0015191423008218408
2982,tweets,1,1,0.6631101965904236
2983,tweets,1,1,0.6631262302398682
2984,tweets,0,1,0.6631056070327759
2985,tweets,1,1,0.6631076335906982
2986,tweets,0,0,0.0015190973645076156
2987,tweets,0,0,0.0015190757112577558
2988,tweets,0,0,0.0015189875848591328
2989,tweets,0,0,0.0015192667488008738
2990,tweets,1,1,0.6631320118904114
2991,tweets,0,0,0.0015188284451141953
2992,tweets,1,1,0.6631407141685486
2993,tweets,0,0,0.0015190605772659183
2994,tweets,0,0,0.0015192145947366953
2995,tweets,0,1,0.6631561517715454
2996,tweets,0,0,0.001519744168035686
2997,tweets,0,0,0.001518823322840035
2998,tweets,0,1,0.6631029844284058
2999,tweets,0,0,0.0015190020203590393
3000,tweets,0,0,0.0015190830454230309
